"","NAME","STUSPS","5_1979_vpd","5_1980_vpd","5_1981_vpd","5_1982_vpd","5_1983_vpd","5_1984_vpd","5_1985_vpd","5_1986_vpd","5_1987_vpd","5_1988_vpd","5_1989_vpd","5_1990_vpd","5_1991_vpd","5_1992_vpd","5_1993_vpd","5_1994_vpd","5_1995_vpd","5_1996_vpd","5_1997_vpd","5_1998_vpd","5_1999_vpd","5_2000_vpd","5_2001_vpd","5_2002_vpd","5_2003_vpd","5_2004_vpd","5_2005_vpd","5_2006_vpd","5_2007_vpd","5_2008_vpd","5_2009_vpd","5_2010_vpd","5_2011_vpd","5_2012_vpd","5_2013_vpd","5_2014_vpd","5_2015_vpd","5_2016_vpd","5_2017_vpd","5_2018_vpd","5_2019_vpd","5_2020_vpd","5_2021_vpd","6_1979_vpd","6_1980_vpd","6_1981_vpd","6_1982_vpd","6_1983_vpd","6_1984_vpd","6_1985_vpd","6_1986_vpd","6_1987_vpd","6_1988_vpd","6_1989_vpd","6_1990_vpd","6_1991_vpd","6_1992_vpd","6_1993_vpd","6_1994_vpd","6_1995_vpd","6_1996_vpd","6_1997_vpd","6_1998_vpd","6_1999_vpd","6_2000_vpd","6_2001_vpd","6_2002_vpd","6_2003_vpd","6_2004_vpd","6_2005_vpd","6_2006_vpd","6_2007_vpd","6_2008_vpd","6_2009_vpd","6_2010_vpd","6_2011_vpd","6_2012_vpd","6_2013_vpd","6_2014_vpd","6_2015_vpd","6_2016_vpd","6_2017_vpd","6_2018_vpd","6_2019_vpd","6_2020_vpd","6_2021_vpd","7_1979_vpd","7_1980_vpd","7_1981_vpd","7_1982_vpd","7_1983_vpd","7_1984_vpd","7_1985_vpd","7_1986_vpd","7_1987_vpd","7_1988_vpd","7_1989_vpd","7_1990_vpd","7_1991_vpd","7_1992_vpd","7_1993_vpd","7_1994_vpd","7_1995_vpd","7_1996_vpd","7_1997_vpd","7_1998_vpd","7_1999_vpd","7_2000_vpd","7_2001_vpd","7_2002_vpd","7_2003_vpd","7_2004_vpd","7_2005_vpd","7_2006_vpd","7_2007_vpd","7_2008_vpd","7_2009_vpd","7_2010_vpd","7_2011_vpd","7_2012_vpd","7_2013_vpd","7_2014_vpd","7_2015_vpd","7_2016_vpd","7_2017_vpd","7_2018_vpd","7_2019_vpd","7_2020_vpd","7_2021_vpd","8_1979_vpd","8_1980_vpd","8_1981_vpd","8_1982_vpd","8_1983_vpd","8_1984_vpd","8_1985_vpd","8_1986_vpd","8_1987_vpd","8_1988_vpd","8_1989_vpd","8_1990_vpd","8_1991_vpd","8_1992_vpd","8_1993_vpd","8_1994_vpd","8_1995_vpd","8_1996_vpd","8_1997_vpd","8_1998_vpd","8_1999_vpd","8_2000_vpd","8_2001_vpd","8_2002_vpd","8_2003_vpd","8_2004_vpd","8_2005_vpd","8_2006_vpd","8_2007_vpd","8_2008_vpd","8_2009_vpd","8_2010_vpd","8_2011_vpd","8_2012_vpd","8_2013_vpd","8_2014_vpd","8_2015_vpd","8_2016_vpd","8_2017_vpd","8_2018_vpd","8_2019_vpd","8_2020_vpd","8_2021_vpd","9_1979_vpd","9_1980_vpd","9_1981_vpd","9_1982_vpd","9_1983_vpd","9_1984_vpd","9_1985_vpd","9_1986_vpd","9_1987_vpd","9_1988_vpd","9_1989_vpd","9_1990_vpd","9_1991_vpd","9_1992_vpd","9_1993_vpd","9_1994_vpd","9_1995_vpd","9_1996_vpd","9_1997_vpd","9_1998_vpd","9_1999_vpd","9_2000_vpd","9_2001_vpd","9_2002_vpd","9_2003_vpd","9_2004_vpd","9_2005_vpd","9_2006_vpd","9_2007_vpd","9_2008_vpd","9_2009_vpd","9_2010_vpd","9_2011_vpd","9_2012_vpd","9_2013_vpd","9_2014_vpd","9_2015_vpd","9_2016_vpd","9_2017_vpd","9_2018_vpd","9_2019_vpd","9_2020_vpd","9_2021_vpd"
"1","Idaho","ID",0.824548722472274,0.604202055611188,0.551634516429232,0.693428730937296,0.748891259326815,0.699739422994243,0.847030750054861,0.900409845247104,0.845668234773598,0.836179571316613,0.706818164513058,0.627015088776346,0.56306493631977,1.11130224460172,0.917811168795132,0.831253739807757,0.566069126682332,0.525157595006356,0.860881688234686,0.529222453194202,0.669401660191799,0.716018212422788,1.06511117416525,0.837943838199503,0.850430766034698,0.667524513081239,0.616707460354543,0.956534955327062,0.967716524171598,0.806361146295254,0.938714899617586,0.575949309230555,0.542951947169678,0.811534869401864,0.838547101114277,0.896692031893051,0.756993753914734,0.758885662913797,0.818660912840315,0.81135869516927,0.720975886913882,0.801346648688522,0.840661234882129,1.30355431859786,0.919091962619452,0.968584499201626,0.983272068544481,0.87270641383212,0.833252677520908,1.26682132859361,1.32968061251001,1.25931310945765,1.38617952732008,1.12375530100469,1.12565947405991,0.884986168885633,1.19590140755359,0.756679080912687,1.26645394630046,0.725313144273023,1.12824079981383,0.835355948192883,0.67498557792175,0.922640776953172,1.26135721361872,1.17174802542316,1.1600347185619,1.2696300801286,1.14723223282007,0.850592648667631,1.19237548968812,1.32362843578683,1.17052493042272,0.828612166898366,0.873927991683198,0.84774480731951,1.1327444143771,1.2431594732778,1.07588039040546,1.54152344681943,1.33186353519864,1.10450124024804,1.02351452540078,1.05617074901121,0.915496373663743,1.62647319142397,1.7222534381636,1.49802166155953,1.53156464735594,1.24604494256231,1.27028581272426,1.49586545208439,1.90714684460314,1.30944940216914,1.28507928278082,1.87924838872592,1.79468192942842,1.60492989209978,1.63868112166634,1.3172847890572,0.896648143419273,1.81140330826948,1.23206824392935,1.6968554798154,1.2154141057434,1.55111952921568,1.63267654562108,1.79837728351309,1.45470232124843,1.86254063705821,2.17293915171297,1.59799846768974,1.78306833282255,1.9248006678865,2.13194167484215,1.76704275406897,1.61323411300156,1.58908088395913,1.53478476628661,1.86991307854541,2.0087088584591,1.88092813554686,1.50031849558192,1.58089910785988,1.9076359161016,1.89178879521781,1.54538295605423,1.53639953727472,2.08676331119558,1.41664396716059,1.30237633302842,1.84354511309672,1.49853594889346,1.4070125661832,1.45444221150973,1.37751464827913,1.75590744753433,1.4734590727904,1.74729973513967,1.21721732212225,1.45476699873516,1.69051085350044,1.74186385039884,1.10251675198239,1.79082347042473,1.44478394482888,1.66268893219225,1.44264888472015,1.70802633302918,1.45103424466438,1.7994802819514,1.96175288098675,1.49569513734913,1.78458920964768,1.42484552671904,1.69355954235677,1.66016084161129,1.76055236144597,1.66175258805511,1.4393370790692,1.52578790749977,1.766200455964,2.04990003794737,1.74981980932645,1.23815364673719,1.70955654972905,1.7251513485202,1.75327752848145,1.70224658290637,1.68788890394602,1.72797122201682,1.44673372243773,1.36107586078715,0.975833740456106,1.1925426884619,0.828518475492641,0.935821283331226,0.941465390093792,0.632348026849871,0.600904704105178,1.3998160121803,1.15310003184506,1.06860826241952,1.40541887231598,1.11523838833554,1.0487758502663,1.1058688833132,1.29706643889895,1.06812388133211,0.910403376933669,0.95332452559621,1.05465606718276,1.18141389927103,0.958144584815202,1.31926980686562,1.09209213757077,1.21253586447893,0.85782409759767,1.07890015389505,1.182433512299,1.03917720543572,1.2057228762466,1.36480477138947,1.17993273024547,1.43252430419574,1.46618318498555,0.786825866143507,1.08448269860808,1.19941014907335,0.899452716030031,1.07969339808304,1.23984657901083,0.931549760109037,1.30981323738193,1.22776594282788
"2","New Mexico","NM",1.34438435935445,1.39737355203807,1.42238282207556,1.4300617400401,1.4416990340779,1.86920423414178,1.47819316957491,1.58631511446489,1.19329824678502,1.52385173330287,1.91857106545614,1.63530694667976,1.71979461096935,1.06868053259549,1.4974508419161,1.46719910759133,1.39707155822485,2.25568502358564,1.44059695840328,1.87594455754699,1.52858582057892,2.18453845461408,1.67365230788523,1.95357443054339,1.90277320776388,1.90794922146451,1.56559426687505,2.05728402898152,1.30820640418094,1.71919894028913,1.65947579031184,1.6474858775773,1.71037596281003,1.87080347483016,1.81820073751719,1.68417645960813,1.23089694619413,1.4368748308108,1.55282226309876,2.15059016793292,1.39741514343999,2.01792747706403,1.72286003905784,1.90352278568058,2.71298379610657,2.35232626526837,2.04306691521406,1.94764310115828,1.78244589823918,2.04588276172657,1.71130615472402,1.83218763215717,1.94515519049008,2.13676134649717,2.79944709325045,1.98361660815691,1.77490394115524,2.15111265183893,2.58179145649455,1.8998395103141,2.19156391388478,1.84853697340325,2.46729515006336,1.88756959170674,1.81906573345162,2.31632538438673,2.55849515334602,2.00181409770449,2.23015111928083,2.30349318791305,2.48232223379827,2.10784784501054,2.51019357958006,1.94403549775234,2.49527805702161,2.82089198521222,2.74892537296291,2.74428096328982,2.46770557563823,1.98152922920986,2.25116043050043,2.41068568788632,2.58473023752235,2.08388596801318,2.46892350728377,2.35110391681017,2.03430742600873,2.46219634478563,1.86884294318572,1.97924594097188,2.00238067226933,1.76382585275375,1.97048777323054,1.70368148445486,2.02996284610793,1.6854330611955,1.98424147483614,1.54794259830508,1.56896468394653,1.78736696496932,2.05881225783921,2.29125839711554,2.23692617729447,1.78546885110595,1.98820650900315,1.83366902826546,1.52990784650991,2.08329266460157,2.01187856020629,1.90527026263813,2.53542007362266,2.04193185630711,2.39489215213691,1.94066040569852,1.82956523386259,1.56083096671581,2.0823530286914,1.7233142550238,2.43081005368271,2.09616160141639,1.77228232887157,1.84436472435675,1.70963616212377,2.47397048567674,1.91647293161477,2.055148347128,2.28020814101353,2.38803552679677,1.57853467552997,1.50706938522495,1.78658817455208,1.39454020352169,1.50369167527876,1.72164809347992,1.27682839482552,1.78818609863502,1.58219682018274,1.47499251684914,1.30008632292094,1.49572197940581,1.46347602954528,1.35818298644735,1.48960728597565,1.43520711029261,1.86987588357993,1.77236894884832,1.51246261382146,1.5290888920392,1.6141572967107,1.48389552608031,1.91196243522955,1.6197426915187,2.04457456880143,1.89121723224196,1.5300601086612,1.49792814007305,1.19736797360182,1.77925025758136,1.46174427566011,2.01227029009554,1.7277791617225,2.34356407672847,2.18601735376544,1.50454554604771,1.48412356239045,1.83889584148618,1.43223483193002,1.42329387783865,1.82037965368699,2.167319212397,2.4504985186292,1.57199761393164,1.61769658571564,1.44621668042955,1.20772759659792,1.28102510284684,1.56136343713759,1.38825281809123,1.19186909005554,1.2177201445427,1.26683502504496,1.32457903561069,1.45936231185765,1.16171253306279,1.07764539292841,1.56297541978391,1.47191464703201,1.50736053251627,1.27220035015106,1.09334895478103,1.36309542099369,1.70637834382991,1.24979678110352,1.98705830199646,1.65216600992089,1.39570912127037,1.5948922625815,1.39903229370121,1.57212612454812,1.10174259798832,1.44156486314913,1.29634867234567,1.34586298283841,1.74060739127717,1.71885264044559,1.82591155472546,1.16601200048147,1.07772871885727,1.59204259395639,1.33893580562327,1.48914379236056,1.44693931804058,1.60669833130326,1.68546213343374,1.62531350948898
"3","Utah","UT",1.15009817163913,0.904216932199544,0.996187932571428,1.09212989511015,1.03889201895837,1.4856485115844,1.23675148068203,1.23542473919649,1.07262283442158,1.22986568993471,1.29527625880167,1.21092844638442,1.06080435254157,1.26127703733039,1.2545834224035,1.34954369258066,0.780405853651525,1.33738674916311,1.32412248506388,1.05252360128036,1.11627854483097,1.52033954282416,1.49592687864744,1.5128867070016,1.45050819282557,1.36508910512064,1.12112964661023,1.5019437839834,1.43438147281835,1.17199822556212,1.36596294195944,0.972982033323223,0.875340460481873,1.47887315840094,1.28393977583184,1.33220353332459,0.929051802953077,1.03289928167821,1.175545356776,1.38313536702812,0.853416399929703,1.50852992307757,1.41897579909675,1.98917143025153,1.96441141508477,2.07958649759416,1.70338055021285,1.52827659197246,1.58845990946108,2.06253282443583,2.03572469270736,1.9403367351532,2.06236068670129,1.78989662828575,2.14525054513914,1.71742990014229,1.74645663538509,1.54971257636528,2.31624185870926,1.37829436441591,2.09495874397057,1.67370516413823,1.42636041149442,1.74077772579128,2.06610513609508,2.17987464866487,2.35026959073296,1.93754083562945,1.91753691626546,1.53910225024937,2.25697567230326,2.32624511696072,2.03853145549467,1.43959465722219,1.85005562563714,1.70614206640279,2.26276150954023,2.32208149031076,2.01851195308571,2.16528225820027,2.28167245464139,2.2081444099331,2.26779583145287,1.65071192908135,1.90435885618068,2.46610616231565,2.37358832112857,2.29998787123711,2.31058897265033,2.03289540398625,1.98315302884984,1.87816327637856,2.17972202796253,1.96342049661206,1.96276736771892,2.47319377970534,2.522670407194,2.18241373558834,2.25045694852848,2.02387461050629,2.00744246527579,2.58179248445485,2.10593052901459,2.36715239216061,2.05397330868955,2.18201610451706,1.97606040540561,2.65692553903866,2.24591117328504,2.70866246806152,2.91741066408453,2.27349832671403,2.65956013757618,2.34088136032925,2.61867421618462,2.43530931763955,2.36573988022104,2.30116250801759,2.12128797457614,2.28285266323823,2.34401026486043,2.25876851851089,1.8912864050512,2.44195995439372,2.30036906055555,2.53268283107036,2.35778530257958,2.49801359665465,2.40643773342249,1.85768192491646,1.962132019203,2.06245330043096,1.81891181008311,1.64528503134237,1.62026483843665,2.24214825934954,1.99621764642246,1.80408216306387,2.00789390222219,1.83917856112401,2.00792629223203,1.93269112124501,2.08221249980771,1.73407681948769,2.22519814142748,2.15591920026375,2.29189898528255,1.74692709065254,2.0449320317801,1.66051207692374,2.10063733281795,2.12084070535518,2.33558815160644,2.03136955132605,1.94057235042405,1.77912861169123,1.96233570372819,2.17550293724758,2.20591573694993,2.20531054880577,1.81720237811634,2.21503662885457,2.28619985683086,1.67036401660297,1.45537309540103,1.9204993921217,2.02158000912107,1.99355762209353,2.21250367548221,2.31796211547875,2.72263727301225,2.04664003856496,1.890718840431,1.4767183086439,1.48803716009986,1.10500545275612,1.40768805006711,1.38661451294861,1.11714984420859,1.09166792395837,1.55893145140437,1.46535704702216,1.54765440907183,1.52265731959453,1.34305584818909,1.5617406338742,1.55222241793236,1.59017065041504,1.54109359266467,1.30663848262268,1.07380793878346,1.26241012641277,1.36961685182519,1.59365607337347,1.85557458915435,1.33346134290385,1.6633298542503,1.40638339024691,1.48009386614826,1.35503858856945,1.48062152860706,1.60455835506426,1.64353643298784,1.86814776878285,1.5799105019443,1.68597676371043,0.894332901138308,1.40428245580738,1.7049182031048,1.3680793777675,1.35210050378009,1.93509952380041,1.55535822998172,1.83383133212682,1.63580985280578
"4","Colorado","CO",0.806753145116528,0.793923672467673,0.784806887454576,0.847594680272647,0.750445287827609,1.13422638961856,0.969838443261314,0.990124923087887,0.796646232065645,1.01102680490851,1.12762640034237,0.949717338868544,1.05710100685817,0.969102104258515,0.89897184796672,1.0770590268318,0.559654581740859,1.13663690372264,0.924817432352673,1.11715150777669,0.873067719574148,1.28769593296354,0.966885096355791,1.2375386447545,1.04331614675072,1.21996333384376,1.02489419725086,1.29180057369004,0.914839377580003,0.986266389842102,0.99503798391848,0.935833493763264,0.92661424776015,1.25847932789719,1.10993661245571,1.0306718247067,0.653211942419738,0.859151328935949,0.909879039142138,1.27236190003519,0.77159521486346,1.18282956392028,0.954625460169711,1.44457228911789,1.81032130225756,1.69116741365423,1.18988817040902,1.12327071297789,1.26215579897048,1.56257942452289,1.39449844914363,1.42298930810162,1.5578111825374,1.28190244388596,1.883135581428,1.39447884249658,1.166195045017,1.36477232908556,1.80785555521697,1.06576363074489,1.43211222586596,1.2668225499056,1.40336905514377,1.27226245231676,1.53087710734901,1.6507311927252,1.97294089079441,1.18357983577656,1.33285129432693,1.37378517360414,1.87212104631396,1.57442991350297,1.59358564749681,1.1314619850328,1.62335018936351,1.76086673639951,2.13316809810551,1.98012163057413,1.51837681478465,1.43048333361238,1.64858303712179,1.63941743714245,1.90424719477704,1.35287748496881,1.82032853617498,1.69216873152836,1.62093070250104,1.91740867385016,1.58887409545696,1.62440142374278,1.59685765464591,1.52118520566053,1.60747920376107,1.53350499561196,1.72489074675571,1.6894569322554,1.76504804559881,1.37857608709697,1.49602200071464,1.32586846836252,1.59680939572565,1.75314426715868,1.55390252961489,1.54600215039159,1.65712399097402,1.47549441448559,1.43856435015214,1.84559440066081,1.72875380283907,2.00447364815294,2.27205927166369,1.49213981182607,2.09148493940287,1.67513267386971,1.72127622335629,1.85435032347867,1.51833857454763,1.72522823718069,1.96850954064817,2.05681143723814,1.74507803234367,1.57818066239019,1.39592631294609,1.75354705821533,1.65647340549251,1.75644950722567,1.76616712142492,1.81749260684102,1.665511345141,1.35904527336605,1.57143490062061,1.25597399449946,1.29855287098156,1.51593970788629,1.30842923055733,1.65278524764256,1.40393321574135,1.2941876048576,1.53910419994019,1.30605185914403,1.45983239834542,1.27179148065102,1.25301089216092,1.18855008424762,1.52340085184037,1.66887310510505,1.45823563570553,1.12116782010929,1.36022958496324,1.1690460760474,1.66589739036734,1.48087564034398,1.69624051237736,1.60178150708208,1.32477057856026,1.37177826347855,1.26873042705653,1.52727131014719,1.36167502315919,1.52910695635725,1.52205403528025,1.90702707748719,1.91275933230322,1.36986919394624,1.27611766380267,1.50871252856375,1.31270284194409,1.28889669453009,1.5078974512039,1.67389200613147,2.00933967776594,1.69354706768478,1.46817483735812,1.31674433303453,1.20331537264494,0.936900556273489,1.3608173634665,1.13836754388714,0.950465227997193,0.940604726149782,1.13687476565823,1.17242497446247,1.1515605861317,1.20893809208066,1.08089229899717,1.29923196009416,1.07904082549076,1.28827603580481,1.09472025660466,0.976996871942054,0.990842916313262,1.34071892847221,0.994059546447407,1.38919166967906,1.35180377991516,1.09839664780942,1.16976170231815,1.14300916416373,1.34109950570712,0.933050972441628,1.19834238624556,1.09718840665125,1.07345227494013,1.60954829123727,1.29859388611221,1.52313230738459,1.03580239019192,1.10544871216518,1.45323069603982,1.24380103704279,1.18360313961432,1.43384874541932,1.50133966717931,1.44070495978487,1.49978594676136
"5","Wyoming","WY",0.728466561114007,0.711895070428324,0.574201532373109,0.675432700970896,0.619810345540015,0.907101465711414,0.954516194681619,0.823397094460898,0.813962175847548,0.945918220884147,0.888269470931682,0.730260995452271,0.67808247408922,0.912409883018456,0.791065474434871,1.02490417441308,0.431166670797633,0.616454402990624,0.804999124438994,0.830258382154541,0.653720825137885,0.871955887616173,0.959330628224603,0.850444869419501,0.848003292012302,0.828732383974504,0.709501442742554,0.99650401479503,0.870073080752231,0.674851468043843,0.886228306112264,0.604245598448033,0.496815140930951,0.956376905346006,0.8726813334222,0.787496367353813,0.52221700327169,0.675641164124386,0.783804837776509,0.843329353137179,0.551735368102426,0.860118120910283,0.767661184995142,1.3145137935222,1.38786901525252,1.22332594387453,0.941548928855251,0.950843761049623,1.04885786053034,1.30100813002959,1.33050141781986,1.26430509717969,1.78814248914093,1.17027318678145,1.38114758500684,1.08865652306322,1.06130111735577,0.870140455466193,1.46206108113635,0.8405920300032,1.29067500930008,1.0319569068953,0.768785637761535,0.963392482191108,1.24246824421337,1.36592046658798,1.4990977115456,0.951566177277422,1.05871034253627,1.08952651701152,1.56987387085342,1.51789394010692,1.14719617702406,0.834679217173041,1.03008806784656,1.11247401791195,1.64034551372207,1.44076302133055,0.987898702553488,1.24676719876286,1.52146296993205,1.23904563976183,1.23131763019752,1.05108600570374,1.29168169037817,1.69949569819931,1.5949219182641,1.74611778295952,1.59594181960156,1.459646003912,1.55720604979626,1.50011252335946,1.6739009184605,1.38315597999067,1.45291349272313,2.01286917415125,1.83641447324181,1.44085014725653,1.56602375965,1.16789944857427,1.12589919876154,1.6487877950389,1.36982337540156,1.60272688664341,1.35821593465267,1.52752307591786,1.61045335757897,1.88038062312821,1.69717102350857,1.93859772388356,2.08557553516187,1.44046354579262,1.91739260083102,1.99128928493667,1.93695226821154,1.76779103078139,1.32670301257789,1.56518079375783,1.73516527897078,2.07458385813178,1.71915856351605,1.56806389184105,1.36738536605105,1.74248364058721,1.79564688849311,1.581777846906,1.48084993940276,1.74996675371104,1.87826595036679,1.34765667380938,1.34797156224255,1.44457081137057,1.51367841709771,1.57079382969332,1.43340287844429,1.5633978032416,1.48693693004591,1.28292639396328,1.74912030378075,1.40942221925491,1.50203663189416,1.51162996687351,1.42548461323863,1.16745621922672,1.65230070026493,1.73347773127769,1.68791283516742,1.22183194523744,1.41742448532724,1.42381069055592,1.72519064695512,1.80391007639434,1.46754768614312,1.73945205231673,1.31210966859832,1.37464567392725,1.60756789151519,1.60720145653679,1.61300610259542,1.37659689637738,1.56471586719562,1.79159309020881,1.97525030157763,1.62001636591468,1.11939394030462,1.53073632951415,1.54103961844651,1.41088097857925,1.47825611434372,1.48885502337498,1.89560322520803,1.53735722715951,1.44033437920907,1.15563904396916,1.23533841891912,0.775687842148474,1.08577974467734,0.923724077228922,0.807530858036349,0.661121598850411,1.15690866299314,1.09351506759203,1.07339372266664,1.25620297725855,0.980386203172599,1.17744850594993,0.922893950813288,1.26116728013081,0.986716448245905,0.991368915757322,0.960160112176924,1.18087015662742,0.892170705490779,1.17382798751199,1.26439518836959,1.01107428021111,0.997624504056959,0.950748098937326,1.23290470699415,0.932806346494802,1.07862360658948,0.949307839126096,1.22708674502929,1.32746296147199,1.26385254633334,1.42758226901237,0.947551301611478,0.975581804686905,1.3745788386927,0.989371202251402,1.02970807960985,1.29042052695643,1.09613194187022,1.28760206250482,1.36006033513776
"6","Nevada","NV",1.26275752049566,0.849895950338333,1.0289739770034,1.12498820719247,1.13053835843608,1.47945519607838,1.25431168631978,1.37875391725069,1.06356098739374,1.22073869911139,1.17404880739994,1.10097056500654,0.881826581101186,1.52815142023673,1.29703915253119,1.19990095743071,0.822291603962156,1.20939465162285,1.50243744780406,0.737568960681901,1.16529357773808,1.39883276853067,1.70593534493453,1.39208634862787,1.39297435470621,1.33784332225641,1.07966091179855,1.4130746603145,1.5776008912967,1.18974559823646,1.54693774031031,0.907146767908089,0.885212320826326,1.47540955125344,1.32091596265908,1.42542546140353,1.04068806487723,1.02845767674289,1.23607362816274,1.20534582072394,0.871451516494381,1.50016482179106,1.39039660563848,2.00450399111942,1.63651049812129,2.07452885179212,1.50689886633904,1.50241613626713,1.54051153233724,2.17430434078649,2.04703990776424,1.86705192233185,1.89096520026817,1.73135287941773,1.92030992874089,1.59826563914887,1.67509730825456,1.4693161022316,2.23337165533219,1.32509942098065,1.97342555944379,1.5156332625404,1.21890715160683,1.76636978931371,2.09233833171811,2.11576833191431,2.10299900811268,2.04216877596134,1.98262216383772,1.57369456089505,2.14941763803068,2.23480020560152,2.10160645838673,1.40921420781428,1.75500140693341,1.56243596346639,2.08231925775209,2.2491629635305,2.11265068075071,2.30903932877971,2.20686491454392,2.07648630924768,2.11221842816964,1.70214980233474,1.87735553980196,2.45632160496319,2.4149558674089,2.29412899316838,2.51132932248131,2.02769062181385,2.07291472866854,2.01336991242678,2.38908033345781,2.03539497260745,2.00886906693242,2.55408986313932,2.58340539037709,2.29226408188625,2.41514388659961,2.10863428299019,1.98458672222635,2.67982269429898,2.14360673298877,2.45413011215053,2.11111901543852,2.27519740485723,2.20202472461433,2.55552139182244,2.23638638231082,2.71545192797936,2.84201749100154,2.45916843431601,2.70183508598859,2.54217564932223,2.79899640596433,2.57705708119485,2.55042918454294,2.52441196995678,2.29772345143673,2.51269125961039,2.66663821381346,2.42859271797153,1.96070469528065,2.59939633190731,2.55807783016009,2.61934828093842,2.35270992517665,2.68497603809922,2.57642737338496,1.81667858536037,2.09378940478602,2.43906242872586,1.98694853296011,1.55449904077931,1.756735722908,2.24526031359953,2.26076680563255,2.20893102971675,2.1351540580942,1.90626040164348,2.02194762389445,2.09733743094111,2.27527236575894,1.94339965352686,2.4953470602907,2.26553355813236,2.4092203126965,2.17435201107103,2.38187356054265,1.94478127568102,2.22141019448153,2.5337758069997,2.34060611758871,2.10927714440894,2.0898642766061,2.15075509501277,2.30664365980387,2.38617845645994,2.44177250499339,2.24618468740088,2.20682950108238,2.44862243711992,2.53924038869234,2.16085312583693,1.70844097503214,2.28328341773324,2.39834744866215,2.20115286794628,2.44663728935737,2.45095048867663,2.67896826781199,2.32241730531835,1.96747706247059,1.55842559472855,1.66975458319972,1.14595529281866,1.45874841591944,1.55498802751554,1.12424767072509,1.17535607531076,1.80788187067136,1.66781982538224,1.56516964223332,1.68026598484419,1.59134060567825,1.74781802842011,1.73539104293981,1.70845786424161,1.73611267782101,1.52840182186152,1.4034094891806,1.22396142087149,1.67322665425155,1.63068569425441,1.85402084855205,1.6668266419033,1.84480982055652,1.6291804302392,1.58433421135837,1.74835176833693,1.56806840604361,1.8721552988238,1.93722261418057,1.97966483450849,1.91877270046929,1.95904892638456,1.20981879494843,1.66976500731362,1.90166557828593,1.58998895112036,1.48414583490857,1.98740404433737,1.50637798344843,2.06572936179808,1.90635974099997
"7","Montana","MT",0.711669414951215,0.967070277106472,0.655676509188684,0.636332293374998,0.749639521098513,0.884988842582827,1.05666269305925,0.895125957326001,0.917773913683684,1.10965223550431,0.752310236241324,0.698603919980371,0.66754391495925,1.0035690333748,0.879385878201993,0.885503854954479,0.6297262686888,0.467299014791575,0.847756927801867,0.877595385800688,0.698474449588762,0.809688409735237,1.09966320512986,0.773149141102105,0.75025719391929,0.661246321830729,0.690162759424465,0.970397232566174,0.786105195796219,0.734350454684194,0.890905862838186,0.60746138199389,0.467466696860161,0.821328627303908,0.833794002903984,0.749698728916061,0.682165326084755,0.765880861436969,0.897025899079231,0.838624772245925,0.6116114928288,0.715390636326889,0.746977263847555,1.26634921027621,1.05338870888417,0.866979100524336,0.868289208251764,1.00817191636531,1.0137679482153,1.21934878153814,1.2596700010511,1.34630565782974,1.87183114066298,1.07649661806973,1.1533837574958,0.828160785314213,1.08965111137169,0.788572883682182,1.11703661549629,0.858303355880693,1.14333233055578,0.985037824132875,0.675029985874527,0.866815012469559,1.05674745006264,0.987709001441597,1.09197405792101,0.992471795238671,0.927970678556509,0.813760034218517,1.17645740030457,1.15361344476308,0.99231077919367,0.949101675942499,0.885846615677186,0.778577880629229,1.15736846059799,0.995720180238793,0.800198581144938,1.26926503510593,1.27213393452158,1.17985644465211,0.879502085008623,0.968790343230622,0.978181390167804,1.54776863049203,1.50341801069563,1.61584586240791,1.47281047610219,1.26403265990712,1.46149153668586,1.77790998001852,1.96326917385478,1.3081353178393,1.29613362122875,1.97205796670012,1.716485715449,1.44816083363142,1.49135385018827,0.92773588762024,0.686267424984398,1.57770945215316,1.16866274560013,1.54373864433524,1.20532658766741,1.45703644935991,1.49180684800124,1.70269251544845,1.35524339402116,1.7421075048008,2.03739210997611,1.45974471748139,1.70333566805,2.08686392567451,2.11693708044168,1.60424757535041,1.32544237264132,1.3463280518991,1.50690933455701,2.02289759717936,1.57501918092396,1.55801615440247,1.48122126217878,1.4403642076357,2.08589973085805,1.44132856247269,1.28001941639662,1.42933547399318,2.10230756035012,1.39287288299223,1.08798918010683,1.61891299167488,1.43836750998083,1.77917961754014,1.75296805033186,1.17117484704874,1.57535003464661,1.131485729124,1.76759200436547,1.21532808978024,1.45621082786688,1.76135230367989,1.33468328896524,0.931018589239349,1.61234518637368,1.51078455061107,1.809278907958,1.34390839244906,1.64107808209319,1.43967771182885,1.7485889751271,1.97549571277024,1.14664773753022,1.92882596423083,1.20498883202334,1.46736305407014,1.70578653614989,1.6496766378037,1.64090134279379,1.26081777097544,1.39903899627062,1.71165622049321,1.91419340359803,1.65693034766818,1.21060457309966,1.65986322932393,1.44521175727452,1.59702135069539,1.47946411352597,1.31520671232332,1.70045999443974,1.42015856826798,1.31697752213585,0.959266686352769,1.24058452193764,0.873059984642351,0.876658970477684,0.833372754225003,0.572271534510596,0.476696846528546,1.16594920287242,1.03049894501932,1.03618256687168,1.39827508836921,0.987661184694986,1.03459979309963,0.792431211025883,1.29977074178093,0.970090646919781,0.821488434596736,1.1382906514146,1.26698679534595,0.871859561070339,1.01925450975256,1.19890746045443,1.00078619642101,1.05948999625677,0.823078292848705,1.09802057161383,1.06824390435491,1.01998784445088,0.940944290662942,1.38167315911287,0.818755326614299,1.37594383587462,1.43936186337714,1.07782704238655,0.906033857088779,1.13312153795491,0.819275546061071,1.06345276003343,0.812683916327885,0.806466840655225,1.11492335365005,1.26171336328677
"8","Arizona","AZ",1.79363041374852,1.67067778320833,1.87495330941713,1.87097143461634,2.07426243382068,2.6104446818365,2.04896530765765,2.20005358487463,1.79068297437285,2.11118350942039,2.27410518925551,2.0417412814226,1.91905789749268,1.69220160879433,2.0209730714432,1.91582802979204,1.62394396973594,2.43809739980638,2.36916974772817,1.78207918100988,2.10794651139588,2.63476617172377,2.50256785160288,2.39837774874694,2.38560801007344,2.40639947429002,2.16208132199574,2.53137361801179,2.31224684586268,1.9609760084796,2.3663118993246,1.97299863875138,1.92536441799914,2.48863635001176,2.19202138526538,2.24056705710825,1.60383254295458,1.82843692181059,2.09379282108727,2.38048492491559,1.51807932729668,2.54644559625446,2.39075357765317,2.87473646408642,3.14750632943246,3.23024835982665,2.69362285573316,2.62256041240583,2.61835252640214,3.15276209712929,2.88204149423292,2.94759751397104,2.90674467164076,3.04193326365071,3.34374959124489,2.56849706333142,2.58779105024348,2.84485948804256,3.27214347584119,2.63081411427444,3.21966159659731,2.65881027744181,2.62487810349603,2.78617694841746,2.87262197245287,3.14510272924423,3.48748156714525,3.05665054305097,3.08126139997345,2.84038112620348,3.39333619384485,3.34934743098882,3.28910555354741,2.52430788590679,3.05698108185329,3.13751435947909,3.35541212554904,3.49217278453621,3.26381092937158,3.00849464563405,3.32567421741351,3.46591029880381,3.26762386837239,2.84844023978527,3.07023691081956,3.4588623528703,3.00664433832583,3.02574068710326,2.75593759163214,2.71578679644298,2.79051561279523,2.14499418769455,2.87243096798334,2.5041398150845,2.82206980316026,2.80405323506274,3.07720066945244,2.4624404986673,2.77838696219905,2.58240445033171,2.79963408021505,3.13255163371908,3.21041875469623,2.7672290237492,3.01954845673398,2.74296096846246,2.08806868567656,3.18139778635816,2.62411760450119,3.10239573030227,3.36198527542324,3.07873825270467,3.39495927984375,2.78112371575607,3.01266997132628,2.60209325845834,3.11685255591753,2.90181956598332,2.9906293207444,2.88858370668235,2.73349258382334,2.72883926078856,2.38072487582574,3.10097595290009,2.68529646057134,2.85937848938801,3.12885527442021,3.34981865536028,2.5522987553077,2.25707913306944,2.47112373271133,2.50802613807976,2.11990147333578,1.98744830083147,1.87941661388663,2.70686334352508,2.33509205129734,2.27300100971439,2.13541072241689,2.34708650610453,2.24512666558662,2.44970426598404,2.16802082807679,2.25160704200395,2.66533247141917,2.69948678004726,2.54046094774538,2.2831232635332,2.55830976177755,2.19835856545785,2.33305565370659,2.4573160992782,2.95230801516335,2.41511781218072,2.53890395541855,2.14856325467972,2.23804753807612,2.54007733804156,2.33406111587317,3.07352032129511,2.41940991020369,2.99629381040235,2.72427200046349,2.14780098057037,2.03238997261997,2.60737595793995,2.23737992512138,2.51311125242494,2.46674862036169,2.97813174421675,3.39146341662436,2.32302514315427,2.61891275447627,2.2332467704326,2.00146138983982,1.84420546297128,1.95215471418959,2.00124270112871,1.71631744150495,1.87278463191871,2.11034382006329,2.12807434376073,2.41875034663596,1.86208502962672,1.98936703189601,2.27483654398347,2.27437725732413,2.15244352987929,2.18733910310821,1.67405792475327,1.88816740664238,2.00315170936768,1.97853452832421,2.53405886257109,2.64193086355844,2.216686566936,2.43227822374616,2.19966659481283,2.31916978780557,1.94078381939601,2.2100721837928,2.2905136280575,2.37364732307526,2.67218147627672,2.54941974282753,2.35509476064049,1.77286438276543,1.93383514374073,2.10443337539202,2.01342063535892,2.16267310087516,2.47967220245521,2.11177899750041,2.76138136207021,2.19109014337119
"9","California","CA",1.42981984423808,1.01178803113325,1.30873432589965,1.33550275615294,1.3886090367466,1.77370343171351,1.32702639329126,1.49327787293099,1.37325548399232,1.37204022713567,1.35551360313,1.27617331521143,1.1412999727461,1.5782655459114,1.25350817751533,1.2296854298284,0.996005787808618,1.41518792354407,1.78755365551853,0.753838645291921,1.31339813844624,1.50890921469647,1.98367214554951,1.42294250727989,1.41300176721278,1.5122935023071,1.26532498326267,1.52288459223161,1.66424926108487,1.47564364948966,1.75254324237944,1.09497219882748,1.09613590657429,1.6970626344353,1.57438387502293,1.77098331125199,1.20073574607834,1.24746955039551,1.42919982541395,1.34556377464054,0.977568170134999,1.61268163749715,1.70839988153577,2.12963330010482,1.69083200719924,2.35945116334312,1.51741300768521,1.6700348142347,1.79943124654048,2.27987826710707,1.98986121951541,2.03396568221268,1.85373218440804,1.88593766097604,2.02310372387818,1.67514114688471,1.69456753149492,1.83180292192658,2.23382812070553,1.63632611539017,2.05930744547635,1.68352515265697,1.34843273151301,1.85754702297048,2.1218049890849,2.18723408042468,2.0863006116638,1.96961884950252,1.96872505550522,1.65033534666867,2.22928122179982,2.17258550623714,2.3773682243966,1.69601056240744,1.81667149216971,1.59383563402474,2.0873356220711,2.32915662029809,2.37160927132664,2.41179717072463,2.31911061924254,2.21134340167868,2.18002267127038,1.90733185758987,2.05028161096361,2.45877022939854,2.37841691517177,2.38867020485003,2.47962312547189,2.14006701251842,2.10068645099071,2.27331670463762,2.48062300653889,2.0917529973226,1.97275982424201,2.52274963479948,2.47813464645126,2.34693047048931,2.27909252436621,2.04906717348449,2.03622290679851,2.50494105594838,2.2357421315343,2.51733999648851,2.23795463387878,2.20418059036067,2.11157581702468,2.25901210856137,2.20111265195885,2.51072315746599,2.63732332436343,2.4200524672412,2.58287287289011,2.65773980179592,2.50765785568439,2.44680618940266,2.70749886644061,2.4314566779622,2.0635368533451,2.40693574527333,2.63317325810429,2.58012746834418,2.08281666942798,2.58428084765867,2.61437461311883,2.6802862097262,2.31702853159446,2.63549082732249,2.75992858587682,1.86140044039515,2.13490438907389,2.44010370273588,2.01748964037651,1.79321820144853,1.99449971134128,2.22492203181982,2.30274338546042,2.25865980436557,2.17386395274157,1.9875853710406,2.03565474176899,1.99443076360869,2.36993510618236,2.05142834812796,2.48890624870481,2.34435957027466,2.47846845653413,2.14195642648385,2.46621473337137,2.01226976579002,2.22167677171287,2.40473439903367,2.36767378380622,2.11712315742,2.25706745946524,2.33905015523662,2.30478736442388,2.46553296779499,2.43970386304442,2.44230647062202,2.26827947117856,2.32342339563026,2.69451681329222,2.16487135759064,2.16073429360216,2.47569848417435,2.46730948528365,2.42162052158009,2.48713201679245,2.46296608910227,2.68017383093043,2.55175525955798,2.19469695888546,1.81351240620731,1.88182107002668,1.48107584265856,1.75070419076894,1.98978103671678,1.32895131710893,1.3881965452245,1.93446544561015,2.0293649349857,1.74762571278031,1.81162910186926,2.04739643322524,2.01812654444102,2.03290624387665,1.88612255134427,1.94837850574921,1.7374184909699,1.77988914295117,1.56402685714035,1.955529142524,1.86217975645971,1.98609432729877,2.04857124857698,2.1267514692282,1.99360572509992,1.76710449054201,2.04511308238385,1.72774748585809,2.21161896497819,2.24696979694702,2.13657082415607,2.19713890831308,2.36391009972017,1.68874396807375,1.99152676827782,2.08659579160814,1.93690633920537,1.79393322537069,2.16462144321748,1.74859805783234,2.38025714635168,2.12775070453036
"10","Oregon","OR",0.840644153756728,0.585154038211563,0.561043297384291,0.749904322075444,0.809062194833471,0.66573337611161,0.753801815670754,0.830915354312898,0.834976532558388,0.725236209358497,0.64137031348471,0.57723240903182,0.503492351736434,1.17164964590405,0.78547663799319,0.749879455924928,0.681796946934318,0.539149232930826,0.891596338361401,0.366519810844025,0.681464013228862,0.637063399896978,1.07263760811478,0.744213981418082,0.746916118916675,0.598363811229221,0.562991854681917,0.897848679669747,0.906384306590829,0.765755429791029,0.906158132666062,0.545866277443007,0.512752581854631,0.793993126230604,0.795319514864714,0.837334109700939,0.74339938438139,0.751628118461798,0.800669262154672,0.790978559927374,0.727094975769873,0.765985225448087,0.865558620987301,1.20615163425783,0.719092578968604,0.916628790092473,0.96665867811161,0.819180803999908,0.771019589298357,1.2093216964664,1.26622871307108,1.30145723146053,1.04421836876089,1.09954940952683,0.970015329644667,0.756062693572031,1.20387440629954,0.795246507524356,1.06904823208579,0.846037662489531,0.999351266190906,0.787790666503449,0.758242142932968,0.924909362508444,1.24357650630217,0.969355571862938,1.10510740707263,1.30853090076257,1.11170718775622,0.818631240507135,1.08351836065117,1.1006517921311,1.11695811930155,0.873958650833767,0.779370400083114,0.800939722177182,0.885732040391697,1.07522387950571,1.01005804051577,1.52868731934105,1.19196262775462,1.05820827812973,1.02897668419291,1.08670837645887,0.949813723318228,1.52024287855289,1.67372487185357,1.45293230876127,1.40201414307547,1.27104120796614,1.14929635907426,1.5346270558586,1.87491793466574,1.24396091076677,1.14002393564406,1.69031348496637,1.35161579037416,1.57379741669668,1.5278056165364,1.35407159630345,0.895337402977199,1.81981764270605,1.24244263870888,1.71417091479942,1.26330755511246,1.49026512941622,1.52869823039165,1.44614174327697,1.34002682042992,1.7685769432083,1.97723622658674,1.64228047373227,1.69454768146593,1.77458183895064,1.76081553109895,1.64231876580257,1.79696129484213,1.55938472150581,1.26079679953954,1.55353001185889,1.87874660336142,1.81121038967181,1.60071011457241,1.37314286881109,1.751022421507,1.85137067382461,1.37705036063482,1.57756775898463,1.99380764340715,1.25029806253128,1.25599118280681,1.76208108517115,1.41578301842756,1.27230058800173,1.41791799485665,1.34954978664041,1.79223107375995,1.62320265309633,1.5877948579147,1.07780626922719,1.33138291318603,1.48539526580789,1.69559036085005,1.1875166371234,1.57400384479862,1.30186110645012,1.61992270692916,1.42075782769715,1.68628659380398,1.26987150957285,1.57282179557609,1.66431672269472,1.4798041894161,1.56971752070314,1.45770886860574,1.74548267824578,1.5403442063236,1.53024437390038,1.484103883749,1.47297158999219,1.42451556427438,1.50552576362626,1.82928598511795,1.56661532694399,1.4284835993329,1.69994955936045,1.67788326797507,1.84271633206233,1.65042100205881,1.55786871021404,1.64902184890506,1.59784187111638,1.26767206957775,1.04004325244645,1.18053741691527,0.836395184499922,0.938177235140461,0.99005077126364,0.70764941389792,0.668519236264162,1.39205376215721,1.28036015553163,1.06863090050703,1.25197431278559,1.4080451730035,1.0872896743975,1.26654630197602,1.27707977846911,1.13413313315158,0.955435348970728,0.966893989440813,1.18387000471739,1.33617131119521,0.966366934495699,1.26011144118176,1.20697730202644,1.31298854662667,0.854868807209122,1.0594143615433,1.32949569828023,1.05452355559835,1.3661159782957,1.34703123439451,0.968483643841704,1.4777487841708,1.54146250346448,0.888153865369483,1.19588285378733,1.12430691572322,0.993325532036398,1.17191751029473,1.13574773821121,0.812292108579309,1.41364021380256,1.20072135372305
"11","Washington","WA",0.817114666349765,0.606007441254662,0.554989207460312,0.723947027837205,0.863796688576269,0.545915067593269,0.788931614991431,0.810679461627521,0.783546944831699,0.683357617728235,0.624754992526746,0.536735869072021,0.559475618388869,1.05482964074718,0.847112769525387,0.741178728769516,0.788351363973252,0.471814818969602,0.732353784557985,0.519599943709731,0.627117819554808,0.589210688895314,0.857644639956245,0.597413478930255,0.660265788691041,0.560459774366069,0.675333101914201,0.836350672495222,0.834335599371007,0.772879390783017,0.824262981765566,0.578284927357432,0.533122092002908,0.691938188053288,0.777127697777688,0.794430873792237,0.809993577974912,0.805617105377775,0.734880442248758,0.815406683785351,0.769809421746911,0.690891325799476,0.822343795538812,1.1123851793225,0.654193184299968,0.689349134631865,1.05531419013352,0.767074908872646,0.731280519379752,1.02838035859392,1.15294091206352,1.20398992794281,0.869145582162532,1.01730257932958,0.808232092819819,0.679864593849716,1.2166625495964,0.782581746318134,0.891799893988827,0.846433439872424,0.89138480751129,0.667478648337359,0.786513381492009,0.766564471476437,0.944541508764946,0.731847077977295,0.960307318665026,1.12301093937615,1.08661193199199,0.782738539063598,0.895260758366379,0.88229751817253,0.952114629075584,0.972933749607801,0.696912424429509,0.719152215784368,0.656205719694944,0.884165794498399,0.883422748028861,1.42553151930871,1.05004889993622,0.9209933582467,0.853661778256896,0.952141107889366,0.816621463823997,1.38695270565024,1.53731777829584,1.24206262878865,1.13880824389791,1.13360783260816,0.97504346890599,1.38832882114763,1.85443159294667,1.03947255905149,1.0579695484966,1.39803329516708,1.20186517872031,1.41767261813107,1.29315236835376,1.12238501175768,0.778180132378503,1.58903005077074,1.11324312088815,1.47184276536382,1.03068347650891,1.33975358709666,1.16153125822901,1.19964026629405,1.14377449791903,1.40123079464429,1.71740458633638,1.43187042487627,1.34490597407564,1.52517309151508,1.54561019006029,1.30604839639325,1.56903960317423,1.34843160016002,1.03071069676278,1.23762811150907,1.53809116873658,1.61506993108528,1.61328753737195,1.10067495946633,1.47629411657225,1.56528437070154,1.14049961444717,1.34725555769227,1.70719378074158,1.21804077770852,1.035129519048,1.59095458973497,1.19423928180259,1.17040183094473,1.27128638065763,1.1872944805358,1.66160141062126,1.39989731684853,1.32867403444881,0.957260954546765,1.17360272392314,1.25702961181806,1.39876513171968,1.0627229948003,1.30310082747992,0.942435009975108,1.37185454160979,1.24619183364,1.41968001210786,1.12837494195445,1.21384484333113,1.33891692581832,1.27274809318415,1.40066079303218,1.25449366418787,1.4499888070435,1.38576454323708,1.21372678852527,1.21679021940614,1.26420488224061,1.22006562816035,1.29983602372073,1.43901136869303,1.33406809769299,1.32364055912793,1.52273942477888,1.36071571142064,1.61282227710264,1.39927769529112,1.30581820974941,1.38051799972096,1.28773364004313,1.02102408315436,0.775634675043897,0.974953315641028,0.778852185239234,0.73099116083546,0.793905657255837,0.659970418956047,0.607689553358269,1.20017068881814,1.0196485809324,1.02996205019379,1.09017739386327,1.12132041158805,0.81863520244732,1.0066077630081,1.04961142484409,0.941509039609879,0.680597056155036,0.752723181221665,1.0802698452469,1.03284565089276,0.752185921649912,1.00868881404433,0.915808986030939,1.05762672193977,0.624614124428185,0.820986039853999,1.06415497169552,0.845701963079095,1.02991207387618,1.00101379548489,0.6273394207258,1.21999495018578,1.20603419684544,0.824562549689736,0.997092550402759,0.819699781399908,0.767500500360093,1.00137495017846,0.828330666079601,0.640573756272332,1.02881172034265,0.831299865221647
