"","GACCName","GACCUnitID","GACCAbbrev","5_1979_vpd","5_1980_vpd","5_1981_vpd","5_1982_vpd","5_1983_vpd","5_1984_vpd","5_1985_vpd","5_1986_vpd","5_1987_vpd","5_1988_vpd","5_1989_vpd","5_1990_vpd","5_1991_vpd","5_1992_vpd","5_1993_vpd","5_1994_vpd","5_1995_vpd","5_1996_vpd","5_1997_vpd","5_1998_vpd","5_1999_vpd","5_2000_vpd","5_2001_vpd","5_2002_vpd","5_2003_vpd","5_2004_vpd","5_2005_vpd","5_2006_vpd","5_2007_vpd","5_2008_vpd","5_2009_vpd","5_2010_vpd","5_2011_vpd","5_2012_vpd","5_2013_vpd","5_2014_vpd","5_2015_vpd","5_2016_vpd","5_2017_vpd","5_2018_vpd","5_2019_vpd","5_2020_vpd","5_2021_vpd","6_1979_vpd","6_1980_vpd","6_1981_vpd","6_1982_vpd","6_1983_vpd","6_1984_vpd","6_1985_vpd","6_1986_vpd","6_1987_vpd","6_1988_vpd","6_1989_vpd","6_1990_vpd","6_1991_vpd","6_1992_vpd","6_1993_vpd","6_1994_vpd","6_1995_vpd","6_1996_vpd","6_1997_vpd","6_1998_vpd","6_1999_vpd","6_2000_vpd","6_2001_vpd","6_2002_vpd","6_2003_vpd","6_2004_vpd","6_2005_vpd","6_2006_vpd","6_2007_vpd","6_2008_vpd","6_2009_vpd","6_2010_vpd","6_2011_vpd","6_2012_vpd","6_2013_vpd","6_2014_vpd","6_2015_vpd","6_2016_vpd","6_2017_vpd","6_2018_vpd","6_2019_vpd","6_2020_vpd","6_2021_vpd","7_1979_vpd","7_1980_vpd","7_1981_vpd","7_1982_vpd","7_1983_vpd","7_1984_vpd","7_1985_vpd","7_1986_vpd","7_1987_vpd","7_1988_vpd","7_1989_vpd","7_1990_vpd","7_1991_vpd","7_1992_vpd","7_1993_vpd","7_1994_vpd","7_1995_vpd","7_1996_vpd","7_1997_vpd","7_1998_vpd","7_1999_vpd","7_2000_vpd","7_2001_vpd","7_2002_vpd","7_2003_vpd","7_2004_vpd","7_2005_vpd","7_2006_vpd","7_2007_vpd","7_2008_vpd","7_2009_vpd","7_2010_vpd","7_2011_vpd","7_2012_vpd","7_2013_vpd","7_2014_vpd","7_2015_vpd","7_2016_vpd","7_2017_vpd","7_2018_vpd","7_2019_vpd","7_2020_vpd","7_2021_vpd","8_1979_vpd","8_1980_vpd","8_1981_vpd","8_1982_vpd","8_1983_vpd","8_1984_vpd","8_1985_vpd","8_1986_vpd","8_1987_vpd","8_1988_vpd","8_1989_vpd","8_1990_vpd","8_1991_vpd","8_1992_vpd","8_1993_vpd","8_1994_vpd","8_1995_vpd","8_1996_vpd","8_1997_vpd","8_1998_vpd","8_1999_vpd","8_2000_vpd","8_2001_vpd","8_2002_vpd","8_2003_vpd","8_2004_vpd","8_2005_vpd","8_2006_vpd","8_2007_vpd","8_2008_vpd","8_2009_vpd","8_2010_vpd","8_2011_vpd","8_2012_vpd","8_2013_vpd","8_2014_vpd","8_2015_vpd","8_2016_vpd","8_2017_vpd","8_2018_vpd","8_2019_vpd","8_2020_vpd","8_2021_vpd","9_1979_vpd","9_1980_vpd","9_1981_vpd","9_1982_vpd","9_1983_vpd","9_1984_vpd","9_1985_vpd","9_1986_vpd","9_1987_vpd","9_1988_vpd","9_1989_vpd","9_1990_vpd","9_1991_vpd","9_1992_vpd","9_1993_vpd","9_1994_vpd","9_1995_vpd","9_1996_vpd","9_1997_vpd","9_1998_vpd","9_1999_vpd","9_2000_vpd","9_2001_vpd","9_2002_vpd","9_2003_vpd","9_2004_vpd","9_2005_vpd","9_2006_vpd","9_2007_vpd","9_2008_vpd","9_2009_vpd","9_2010_vpd","9_2011_vpd","9_2012_vpd","9_2013_vpd","9_2014_vpd","9_2015_vpd","9_2016_vpd","9_2017_vpd","9_2018_vpd","9_2019_vpd","9_2020_vpd","9_2021_vpd"
"1","Eastern Area Coordination Center","USWIEACC","EACC",0.756956264471301,0.99197634795322,0.808316060907149,0.850264477364176,0.650728687753243,0.71589642068464,0.882828879107736,0.831976705163555,1.00005031344007,1.07073838181878,0.804429062633936,0.641573355697675,0.854040999140351,0.887708819426092,0.733886826790025,0.840732670510034,0.66258692592359,0.676962744653791,0.675995462010759,0.841635874910062,0.818974123905857,0.755799657518173,0.758889519903366,0.714456074812115,0.63158853517699,0.692895523193907,0.725683423078092,0.793322531852645,0.981513213680129,0.745763218143433,0.769605929414555,0.828656836940668,0.764578004560529,0.971920655848349,0.81732325526888,0.821381547760168,0.799004944063841,0.770729629632685,0.686588333252188,0.94747891931244,0.602694391083625,0.706770012357215,0.829047371733082,0.934198082320403,0.951648225817645,0.892976410053127,0.72739803715805,1.00469204101152,0.988353962226456,0.853058707203307,0.89730815497827,1.0558751961232,1.43395219075993,0.821209618180549,0.891627758300169,1.02720389419327,0.893951416987064,0.813506681809699,0.980210765541408,0.939272141784383,0.821551364667538,0.922029404238199,0.762593140537285,0.902578904281572,0.775380631928366,0.876827455228764,0.93257789487929,0.833695938375985,0.799928646215379,1.00355956755926,0.922687464056492,1.00880286100191,0.897168769263816,0.825106774510256,0.793007482386846,0.971660109286941,1.322189333119,0.911752893880817,0.894512948052367,0.756841081277518,0.974863201504234,0.949109653174632,0.849109859368578,0.788897373915507,0.997783799193127,1.06596146888154,0.879230026248302,1.16377781103512,0.887020397458447,0.92888538102633,1.18255926829357,0.973044805808179,1.01190674660732,0.902398247584048,0.979079795028096,1.36827882551119,0.982140485843957,0.869280640461859,1.05920141627161,0.673064868161674,0.844832123990299,0.803879700371495,0.965668814450462,0.811682766847191,0.909323643621807,0.86925539521775,1.06725004170578,0.770197883207619,0.95783210398813,1.05013330404891,0.878951792892547,0.735516996104677,1.02336288428374,1.08637576698569,1.04969493478298,0.942544631723439,0.773748968587476,0.949503329025043,1.27670986450315,1.96659998249553,1.01531850062024,0.972203923863614,0.802439309835497,0.86126165014431,0.899520224476333,0.958873133561051,0.870126614163785,0.962324758796248,0.902198645134188,0.698779210010657,0.905209114070612,0.763779095529942,0.771587689423476,1.12855697249419,0.973411679685646,0.746429929404759,0.783269129774248,0.876794808570377,1.11277749888746,0.820788242843933,0.778862913783484,0.99625879134147,0.707954812088128,0.806727795529054,0.70965675746569,0.905680452543728,0.79890201834125,0.721497012058948,0.841183195701627,0.826445438725891,0.772425366230506,0.88216606570482,0.900697408125756,0.900184806039039,0.68438201331713,0.924259814883891,0.864614157531069,0.993721811268056,0.869525427183307,0.736089174036321,0.958200985917574,1.24054952384699,1.49592656739068,1.34345313364653,0.962332453895248,0.809039707192812,0.829537119258427,0.748793446849948,0.808399033249382,0.714797071827502,0.85475538813319,0.88200607136376,0.730896326823395,0.742211820434371,0.642319225037854,0.592205118677182,0.900954742598373,0.706028493561068,0.716943096832441,0.595633333196487,0.680182883769267,0.738033933191641,0.673870121013519,0.705179033532402,0.777480803856699,0.613106433823587,0.506548909637357,0.663337541043819,0.717336211579727,0.581685450841228,0.623043731942708,0.860272149086012,0.81974110557297,0.723248105504502,0.65734689535425,0.856788837854701,0.665494422212451,0.749176541784821,0.850414470136627,0.593070007220254,0.889407151500981,0.642805518279161,0.649764851907804,0.725419206696407,0.837474916512307,1.06445169783646,1.11401263586276,0.76713825535978,0.83264945077174,0.75665446087214,0.839346339912505,0.629416165590042,0.687864470015183,0.67125738904983,0.785734841898679
"2","Great Basin Coordination Center","USUTGBC","GBCC",1.12042128772553,0.809315596630681,0.904854459589396,1.00893745492982,1.00457565523754,1.3006409032082,1.15196165011944,1.21662174817013,1.01666923189633,1.14111967790639,1.10858254015858,1.02806981507604,0.865996034468232,1.33622412083024,1.18906042460714,1.16431332637102,0.735137162548643,1.08787569867079,1.29206055145731,0.788883125424328,1.02639152685362,1.27575089072202,1.48594054988051,1.30600001266781,1.29023136522436,1.18761243193478,0.979085799906754,1.33237258998314,1.39313521966997,1.09065073258307,1.34352610695148,0.845733575490103,0.796242410819829,1.31845831685559,1.1921451733859,1.27000854546119,0.925061237140417,0.962506703419312,1.11276427082346,1.16506435452893,0.822157987388204,1.3340470173418,1.26290016344969,1.83060739330729,1.58193781087245,1.81537369383708,1.43969217111636,1.3590982322294,1.38851213800108,1.91900924133378,1.86859012284711,1.73762247319662,1.85516435835463,1.60701658481213,1.81012566377885,1.48029191166012,1.57206620427408,1.31923295598969,2.03656826147047,1.19382581415762,1.81812789401812,1.40694932000306,1.14606874969919,1.55417588569682,1.89113499334558,1.92307672186462,1.96133180802476,1.82065842811645,1.75593481631041,1.39095396106564,1.95907279545136,2.05858427201709,1.85902476973601,1.26631841322684,1.57166944335297,1.43853640332954,1.92784351233711,2.03980939705909,1.82915009578774,2.06630844439781,2.02540175633667,1.88018936554301,1.89721933842498,1.52613737715324,1.64786429160432,2.25562374711951,2.22545173240795,2.09936616795289,2.21416460523843,1.8318000046865,1.85293313736643,1.8254423720822,2.18115856427729,1.83678285922761,1.81593639443644,2.3812595680453,2.37963248791942,2.08735025159852,2.18275547731867,1.89430649894173,1.732843695787,2.42369638411122,1.91098716128797,2.23337693789388,1.87451449852408,2.06535364249086,1.99176560644998,2.4195038530177,2.05653714960309,2.50950717162247,2.7012349664125,2.1754579846946,2.46606547845772,2.3176310165446,2.57051175681087,2.33544420016387,2.24176947745352,2.22204114544184,2.06492433934722,2.29786743604169,2.3972249404752,2.22707889207634,1.80041156948191,2.31129061465932,2.30371718558281,2.41142847739529,2.15966888814337,2.33271400235077,2.37947948783704,1.72239404924421,1.85986547557695,2.1657206362947,1.80993123607176,1.53962588493393,1.62460310476338,2.04396940383759,2.02892418590359,1.89072724951692,2.00222557772548,1.72455081190275,1.88455963467888,1.94803311575176,2.08560625798104,1.66750502136475,2.23269194543089,2.04676566134514,2.19018174254289,1.84489225474142,2.09315151490134,1.7417163789092,2.08225401264821,2.26784832822675,2.13800150670737,2.00260944162242,1.87369183845567,1.90451968051033,2.03480291813298,2.16160421298522,2.18011827573812,2.03006759179525,1.91489949204049,2.20532062854703,2.34690797389121,1.904441346779,1.48495917265586,2.00002473168805,2.11120858267641,2.0007908126119,2.17895116150525,2.22019016516307,2.45815725587017,2.00399748411885,1.80603035038284,1.39501555999772,1.49885835221133,1.0544304314906,1.32242206412457,1.35554568142306,1.00744140493034,1.01299090244266,1.62261558531312,1.4779974397992,1.44608158581932,1.55860404854541,1.38423206905752,1.52597084243901,1.52543723739977,1.57472131853309,1.5084372948862,1.31614920597007,1.1843618834451,1.18390265041934,1.44873344359515,1.47061148798683,1.72456231864928,1.41843632043421,1.62934633116037,1.3792822623715,1.4378288010371,1.4732121247512,1.41154979917766,1.62127064918107,1.70545895157488,1.77285590217918,1.68184255761559,1.74872449936406,0.991405460315704,1.43105278720418,1.67290976658313,1.34493978478945,1.33348701088864,1.80341026198694,1.38956440692605,1.80833079993947,1.66084864004306
"3","Northern California Geographic Area Coordination Center","USCAONCC","ONCC",1.09308955476472,0.730011631760102,0.9076038224101,1.04878960390197,0.967520253532391,1.12384061075006,0.927995099853167,1.02350124574662,1.07640999297783,0.873953668136775,0.882841145962111,0.817476661424832,0.754848086598603,1.33942623226234,0.763497651417504,0.81482093242011,0.678352640067274,0.866349065554782,1.22877894728148,0.379754509961263,0.922721423927492,0.88651542413878,1.53615161529985,0.980606038617709,0.928682984598474,0.928633007721379,0.706758294496552,1.03325724723358,1.1628503527132,1.11217545078366,1.17686891760516,0.680518214865295,0.688433754448615,1.14523978062228,1.09088664121323,1.25568269147085,0.909127152457649,0.923490790440831,1.04429171566901,0.919377951376899,0.764717036898084,1.07428805337476,1.31368952892165,1.52214219690595,0.999369858554616,1.6296569618471,1.06860835846562,1.17104077829249,1.26362638529198,1.69821289048601,1.41978541895497,1.5227681164286,1.28844206927332,1.26416832463692,1.30895043203073,1.18900934189946,1.24492435970098,1.21776563596265,1.45524103624505,1.07010844529159,1.36638919192195,1.14957873048999,0.840363403251164,1.26313839576482,1.57642067150882,1.51847676471554,1.45918155096645,1.50367137169476,1.41152284206659,1.01231879773587,1.52539249059234,1.45945018124978,1.65189801761464,1.20316043781091,1.18924901495525,1.0326352718844,1.40474547076021,1.64370035473627,1.74738556673362,1.86851734202518,1.54174357645658,1.47727375253134,1.52784652689767,1.42851366343719,1.49237483148515,1.8558438078556,1.85864521034394,1.75287888725776,1.89654361334751,1.53994576790883,1.48029938982796,1.98888371303808,2.00250044220888,1.62854429220267,1.47285815784265,2.09235387614023,1.753004782078,1.81732223535596,1.85174770492218,1.5959334837553,1.51823190057305,1.98841236779919,1.49679967085788,1.93700134428163,1.69371806517075,1.56527267239902,1.68922730060909,1.58506055633322,1.69668151383446,1.96545124226184,2.12598362598291,1.80254638623347,1.98507009481647,2.11132451640515,1.8873299572043,1.90731545773517,2.02460436853569,1.85621238005932,1.44336898704673,1.88559540700088,2.28291814493751,2.21272421272224,1.76368725719161,1.85049104758242,2.02579474555654,2.21406762302449,1.59633617307318,1.99164082836658,2.34513787840501,1.46119067749772,1.63235261935972,1.96404471668935,1.61485143752439,1.48173954199554,1.68734841609461,1.68607244208311,1.8992002850791,1.92924055589706,1.90131782058796,1.52122832440838,1.63747762441448,1.56458283320543,2.00591491064918,1.55771622438845,1.90904012645721,1.70460547591929,1.97227310200689,1.54785155441103,1.96883455343424,1.43233216757296,1.75422218522992,1.88183517641099,1.83912813744066,1.584711182197,1.78030718037032,1.96701883539403,1.78012847452178,1.88014995467735,1.96608393772779,1.84970094622839,1.70912677443486,1.60507879753601,2.4015512242277,1.73798955544368,1.79893852093672,1.88301537759597,2.02474180216164,2.06547949976479,1.95483004470406,1.7916178567061,2.08199323995145,2.14385146147805,1.70330630254301,1.39440987777193,1.53241463200151,1.15068031678014,1.39793616151897,1.63912676877973,1.05759576597163,1.01838779662616,1.61208098025595,1.7543189064739,1.22328385961247,1.47041220543143,1.852107730725,1.58439734894309,1.60457620950241,1.52984545483676,1.43096749917669,1.35940337688578,1.4116719440035,1.3515958068326,1.68379301520488,1.39065111031958,1.53020564718021,1.68126535367874,1.73890131178957,1.56155054350399,1.34857244134747,1.68181630858697,1.3108402700428,1.86454177943921,1.79765274196827,1.57677010955861,1.80706638902557,2.06998584446826,1.3092134981717,1.58739399256542,1.68379869501753,1.60805332410206,1.53236783716466,1.66015866652314,1.20851062948528,1.89299810424205,1.71700588532961
"4","Northern Rockies Coordination Center","USMTNRC","NRCC",0.690580787312767,1.08227406951541,0.696042376878544,0.628623598607004,0.748324238760553,0.878360341016684,1.03512221062532,0.897498180435952,0.939586236082952,1.0971001108551,0.813925063271264,0.732200866206734,0.709636462394238,1.02654218538215,0.873529260974951,0.907404882078642,0.635944055550911,0.504589173659085,0.837613155989015,0.844034456470054,0.665266324371523,0.791491332065544,1.01617558728371,0.782727132296474,0.726030792651541,0.653515218673001,0.684823857430286,0.932761810116892,0.758712465510249,0.753809363446906,0.854761547342797,0.623508995154262,0.503230038620429,0.844348027289229,0.800883636287357,0.743483810995355,0.707655245382974,0.814868468994916,0.896448321258685,0.911992804585216,0.647152243439471,0.707638420893904,0.786225673302211,1.22038033992856,1.05840803099434,0.844984762148063,0.854315299719665,0.99229517218726,0.947712305758673,1.10376279245695,1.20790042039043,1.34780167388702,1.82963632968114,1.08286575751428,1.10230795940615,0.818559679441926,1.03604260184205,0.764371722085507,1.03427299526221,0.890816767182829,1.10516753507789,1.02012083865953,0.685056147672954,0.835661426472376,0.974506656684857,0.916994111088535,1.10628023548348,0.951860629232078,0.92005605571851,0.781263760604788,1.14165916950227,1.0844547690054,0.94538019052708,0.916685118720764,0.8539894029939,0.780507954174998,1.17890983463121,0.955467583319062,0.778358540913743,1.18866064621954,1.18777781317868,1.18040167798265,0.919237954919437,0.981079660830379,0.988774867114561,1.54657317485911,1.39636876972934,1.56494388074442,1.39208829558741,1.21125333435117,1.38673740026393,1.66598257548763,1.83337078041753,1.20393070698398,1.23564397516926,1.9134194753857,1.68601581751953,1.37328588026585,1.39354441214574,0.893004439930206,0.646356032934158,1.40405560084862,1.09313006250655,1.37573487235275,1.12248499623851,1.35678095906037,1.35241028900378,1.47162720303054,1.23457981906928,1.60393758268513,1.79934141144813,1.33811035687654,1.51820792392936,1.98467015544012,1.90940411740546,1.49504193129721,1.21964296915936,1.27554750641568,1.38250933178169,2.01042728230016,1.47795349139607,1.41543482083218,1.41799671422742,1.30103464066745,1.93810976519444,1.37555268934559,1.23177175681635,1.33816226506126,1.98998175915204,1.29062641828586,1.01814583572406,1.49858166275467,1.3455035395716,1.71349325343793,1.68125077121207,1.09035881537445,1.47442583312447,1.09580615375747,1.69280750537397,1.24960262416635,1.43494108306047,1.65797683680644,1.25839568299119,0.898272405607393,1.45601916006688,1.3925868155018,1.65559911291128,1.30613105914441,1.52376943642155,1.30014362046983,1.54395501287731,1.76353082196537,1.11086277342894,1.7946701049321,1.09962872100983,1.35840586136197,1.58015867227013,1.46416837692716,1.51328790173116,1.15950926186995,1.33649638522273,1.58965351671181,1.80713732372432,1.63221633186893,1.12117178704754,1.5790392242449,1.36233870393983,1.44959637165702,1.45884532122655,1.21327295902375,1.56608486741133,1.39506378709847,1.24139955927686,0.909336671079618,1.14245808948306,0.858217734579678,0.870199815078982,0.815687817027224,0.556944149967168,0.472821544378745,1.10104660576221,0.98561946695633,1.03457818214512,1.32792888735934,0.959214886415734,0.972373617904331,0.774175509837797,1.1975264797956,0.958023878021721,0.784040724681,1.07967919104273,1.19889780945269,0.804304892705877,0.966703121419234,1.11020069167988,0.99072921852528,1.02824813908854,0.786271258678917,1.06396167580844,0.982373212164498,0.980497629233448,0.883808123766291,1.24700167454029,0.750923914882569,1.30488917452635,1.44779263785572,1.06733323055866,0.89734205470569,1.10143449920034,0.783317308115953,1.00755430557613,0.783488447317982,0.733637120832334,1.06383552612422,1.19373416926928
"5","Northwest Interagency Coordination Center","USORNWC","NWCC",0.830952645917197,0.594447486399557,0.558960969417014,0.738940650588454,0.832560360761161,0.614889210936075,0.769545590908737,0.822593791809838,0.81298869912653,0.707889152745616,0.634684417753449,0.560360764246161,0.527708149130059,1.12202316035043,0.812234852089578,0.746319627399115,0.727249796251304,0.510672123182041,0.823794393129379,0.432384449485074,0.659094633068463,0.617623911227149,0.981528588227459,0.682145570853818,0.71050399058601,0.582959258725743,0.611195755970904,0.87158140415273,0.875911363997484,0.768815465554919,0.871666493498782,0.559816169261678,0.521592690988058,0.751025341659803,0.787722096445375,0.819697383593999,0.772229629175914,0.774570566954777,0.773040902997946,0.801451765689835,0.745394291513405,0.734633627609339,0.847582806397151,1.16677679130952,0.692339271917969,0.820733273974577,1.00492495122762,0.797327681261179,0.754665053938602,1.13299866611678,1.21825185123377,1.25972929252009,0.970382561532826,1.06487327076044,0.90205247271392,0.724224944840142,1.20937333435645,0.78979472908023,0.994501666412855,0.846268753919135,0.953692435490713,0.736946338749542,0.770615229596962,0.858343077221704,1.1171809791809,0.869610299790602,1.04440261513658,1.23015594589122,1.10194770987515,0.803657766316295,1.00390916537442,1.0082810864231,1.04724118271299,0.91654914127133,0.744973132869498,0.766599924586945,0.788940671944325,0.994491234703647,0.957550936548493,1.48563979739979,1.13211374876698,1.00031250422765,0.954703231266891,1.0294051291236,0.89367132137892,1.46448433121117,1.6161970098823,1.3637479054742,1.29119186164088,1.21334244054189,1.07589578488454,1.47329429987761,1.86716219572052,1.15745010516153,1.10616454388639,1.56641022253316,1.28983874564225,1.50838621792361,1.42838585812213,1.25569237017972,0.846159085671949,1.72228485616848,1.18793625268764,1.61069537303744,1.1652629004955,1.4273663998751,1.37337230960788,1.343237293454,1.25768323004341,1.61292129810453,1.86733474008296,1.55366097451814,1.54648924421136,1.6693224979332,1.67023435948417,1.49941676901345,1.70038920809407,1.47068878808482,1.163976064848,1.42034372758584,1.73458580653652,1.72866839214576,1.60598536479526,1.25823844670233,1.6346576763254,1.73014185834411,1.27693087666996,1.48031015830946,1.87221610383359,1.23740466332832,1.1629380127413,1.68978301211844,1.32207234249136,1.22918400215492,1.35606473775634,1.28130123252313,1.73721677533225,1.52842604706478,1.47767200609504,1.02746478163667,1.26529981887428,1.38884267396164,1.5690960137631,1.1347030302991,1.45964663948529,1.14919110114139,1.51436127283369,1.34752733427247,1.573816605216,1.21074940355171,1.42111245127199,1.52714264927287,1.39209833881901,1.49822583556168,1.3721316618025,1.61972207441865,1.47493180709721,1.39597805336493,1.37128245984042,1.38466065077934,1.33837485987875,1.41913247955612,1.66442548059537,1.46782123627393,1.38411681129234,1.62460352497903,1.543451451915,1.74485402200829,1.5441104744641,1.45120557415339,1.53502036432157,1.4661174844233,1.16291494168218,0.927474073943973,1.09332130227327,0.812069890824406,0.849991403188053,0.906841427525547,0.687502986418831,0.642908906949813,1.3103195804724,1.16897952995236,1.05230128321988,1.18315372724138,1.28531373497732,0.972883300022912,1.15555762446429,1.18008554006401,1.05266311787912,0.838620705834668,0.8765430184546,1.13970773713818,1.207110603726,0.875832785231524,1.15304169061944,1.08302859476,1.20463565340883,0.75791416497694,0.958029732753512,1.2162650827408,0.96532641370074,1.22277982883282,1.19968992003405,0.824348424177504,1.36811099060303,1.39863864305589,0.861505797258761,1.11123130359334,0.994886676681737,0.897602273642084,1.09945383746195,1.00515710008979,0.73966615420078,1.25000842053038,1.04330114841493
"6","Rocky Mountain Area Coordination Center","USCORMC","RMCC",0.848459690805564,0.972804837967374,0.785702348177358,0.764668426651773,0.765989923144696,0.991879128932078,1.06897028925336,0.918326735771791,0.920349573506983,1.09635592295878,1.07914414849338,0.830096814442325,0.891058461752166,1.03034533244995,0.824938159786021,1.11677071654572,0.515580157556197,0.817187011856803,0.900825089233484,1.01296067963932,0.795219465207893,1.08540001393151,0.954394163905711,1.02369104292537,0.860984195364702,1.05592796495198,0.925487780993038,1.19669816058489,0.88574474433428,0.866068238445159,0.980347323495396,0.808042171258285,0.877448004176643,1.26868579386561,1.03036153246171,1.01615193998989,0.658085700232953,0.822619036719702,0.919763765524204,1.14867963693688,0.655544700657603,0.91775801996511,0.850941248125063,1.39232205816582,1.62633206486082,1.47638479694497,1.01625514216539,1.0805093307629,1.18484530496471,1.38982978092706,1.33342795121359,1.41645682282061,1.85243908917876,1.24668317776879,1.57623292133821,1.2487240927635,1.03557779953194,1.06905012557671,1.51337179428392,0.992330119693887,1.29173186440168,1.17290012908084,1.14974061123035,1.01713875571627,1.32473169114605,1.37207114766295,1.7200020554622,1.04639522268532,1.15905201188131,1.2033385897363,1.68718423576227,1.35644941544207,1.27435545155485,1.04072948252173,1.26209124634173,1.59309047868708,2.10266167577733,1.64957815358316,1.19003082882304,1.26256860454828,1.58044010846917,1.50817397820905,1.49023610504491,1.17936750946124,1.5983013747407,1.68654007448628,1.44062455093381,2.12953030945251,1.54394574199019,1.54775759803095,1.71570506278427,1.6273144026457,1.75951850968128,1.53560435804825,1.64464334298566,1.8107344420152,1.72583488229123,1.47290854176548,1.65122274306887,1.09744174629961,1.18864931376963,1.46511690600429,1.514611701338,1.41933236207045,1.4576186165071,1.38098195376816,1.50909818747327,1.63789756424549,1.64039831314282,1.96348643249536,2.02388123008193,1.36085407046583,1.8635324927165,2.00516971678457,1.71353102550553,1.67201080794561,1.30589269460519,1.51453464740941,2.14860460507253,2.64253970072463,1.89537216112774,1.59463926999075,1.41921015866502,1.59948591888304,1.84384155492237,1.51019271645326,1.40958105197039,1.57471900968133,1.64344633669594,1.35169761064843,1.601788595717,1.27152641328347,1.4097163450061,1.81914562863685,1.64626046169689,1.43086566050895,1.33606529394612,1.29697422561284,1.73658465679554,1.37903354181434,1.51046294649182,1.5096803333308,1.16064404855035,1.1489601862624,1.47077989208785,1.63703608711159,1.34517349276524,1.16777270759729,1.36874567220558,1.32339100659524,1.77768577294319,1.62107861667967,1.50940579363478,1.71655351419569,1.27192465990013,1.38330070834224,1.43619180967797,1.4922232165864,1.3749550376197,1.29858059113134,1.65232903443706,1.9286997609449,2.09323298164221,1.55572577542395,1.34145290958252,1.4079306767904,1.37778050015434,1.23164629491032,1.37659008218426,1.21259343140786,1.73940783960863,1.63679779338252,1.48740852026606,1.34194873739794,1.25681862693993,0.971015903252718,1.38100667677354,1.15387376468165,0.894943039048685,0.818846285556934,1.13363780501503,1.17454653765257,1.10830856028887,1.3891884550398,1.16929998424564,1.21170790133953,0.945043414735141,1.27365066171733,1.06733890875556,0.919935126136411,1.06116271038255,1.3765693337617,0.946985280038923,1.47761064161619,1.19176499258333,1.18322339058557,1.11552710218078,1.15436426682408,1.35557094168378,0.914214787623854,1.17173451877833,0.974723283295117,1.02559157842311,1.29513064166485,1.39815002992218,1.69203320847683,1.33874112231648,1.06671397768443,1.41476164105796,1.08155657151313,1.20822082098452,1.11121269736972,1.18524693402355,1.30274971997838,1.40034241562505
"7","Southern Area Coordination Center","USGASAC","SACC",0.899086668552602,0.990085433237882,0.965399280485567,1.04047426878683,0.956260611998411,1.10825131186325,1.07204629164702,1.02896980978215,0.974348402910168,1.22931336826811,1.014107653758,0.930664283374117,0.839100680937978,0.928317529615504,0.903498925523256,0.905831680053306,0.919231777198011,1.10502231875609,0.921510733821906,1.14591570932608,1.01511226198723,1.09051972578894,1.03279218591314,1.0127286394981,0.910852986953655,1.00005114885135,1.03837640089503,1.16409682684439,1.08820766232784,1.10924885065432,0.895991032254161,1.0518415684589,1.37811166794991,1.3396617233335,1.09751005144915,1.19817848976817,0.889000638509788,0.864389447458512,1.04659807368134,1.20407608320372,0.963769954436057,0.970530456119823,1.02811068713363,1.11868934690701,1.39713359832123,1.14105752166589,1.04202785670124,1.07052165962377,1.37410523901024,1.23663257362372,1.14842031608202,1.09305823385158,1.53787322161415,0.927952125769284,1.34876070558891,1.05564424515928,0.952444455839859,1.11054463856849,1.08212155538362,1.03531320396115,1.14836300320592,0.8956083163823,1.4217852774949,0.987152838892267,1.07863176819976,1.0827095825684,1.15720704284847,0.944428331047826,0.894757158371286,1.15230851089103,1.43024200603501,1.19674211232334,1.38784546879375,1.35262572391792,1.30707516065738,2.03939666639224,1.70567463279986,1.37953571101631,1.21921826844263,1.10209765174161,1.15680118571285,1.05381894252931,1.27213176410577,1.01919997850155,1.16883122543489,0.99674027877197,1.0709220769126,1.75564060257276,1.28656643153559,1.18245366485182,1.38951455510873,1.29620047257531,1.25467894283129,1.60144968749828,1.25095491486383,1.30495665445418,1.06275721125743,1.31175506087388,1.23493123547824,1.13288596986376,1.44328517928516,1.09773807318731,1.2941549785963,1.26183376827169,1.21597767770548,1.49713659487873,1.22825986674791,1.43772188059462,1.28174901442146,1.14714078455776,1.1114215912485,1.08592097895069,1.19962351312391,1.50301746082028,1.07640486404535,1.4418398578105,1.34653161832875,1.32105093241358,1.98220813992908,1.90740833034171,1.3932685366147,1.35897031258766,1.23338288786617,1.32753226087044,1.25685568168741,1.36990938705359,1.20272348729305,1.27906041260719,1.04813911415933,1.11265212121664,1.62374065046368,1.1588901809476,1.22136534167052,1.49075133066026,1.27435837082616,1.26987568510577,1.21754256765773,1.3807724296492,1.33995925041334,1.11855829339409,1.36444690426034,1.14673616533542,0.983496673765586,1.36353435690151,1.08799695915855,1.27347102903105,0.997455054285174,1.19918515708304,1.35166506471703,1.63155500612316,1.63997508565566,1.21337663182194,1.27876186095085,1.15371702733002,1.06587449473894,1.2602993600455,1.49564782466994,1.53625764041724,1.1902520074245,1.20798851238016,1.51998873434114,2.16064970212117,1.76198306310615,1.4246453129352,1.52292376006352,1.3280284894241,1.18191936530128,1.01126695632207,1.21345483887336,1.24203709388254,1.22088999919152,1.0896562518769,0.906306225249253,1.22582126960848,1.09138216621576,1.12568985077831,1.19575924728766,1.12679143969038,1.12633773618953,0.97147920168211,1.07896771531524,0.96359793629205,0.942038308097179,1.20196166854282,0.999972358933007,0.896934343976927,1.09351775998335,0.975895721665393,1.02984034823159,0.844730473534692,1.16311678509396,1.1995197873576,1.23431180898041,1.21824694194794,0.905463403181677,1.0435491501118,0.890699579820604,1.02961015437467,1.32096695636325,1.07294622953749,1.11312418863807,0.987259383785647,0.849358262308569,1.34539022095811,1.46358392229373,1.3981927730068,1.32884263037332,1.11888841935541,1.18568976527339,1.15622408612662,1.09303531045827,0.947733177785923,1.42282488591685,0.862232227242875,1.11063832981025
"8","Southern California Geographic Area Coordination Center","USCAOSCC","OSCC",1.64658647414055,1.19301842867137,1.56534481501506,1.51569254703864,1.65747759686768,2.18958052390091,1.58293970048108,1.79651345833731,1.56155659213635,1.69402364609255,1.6586620212298,1.57137004216142,1.38728185866758,1.73265720488593,1.57186712184247,1.49775057155685,1.20022095963639,1.76744774349375,2.14801136861283,0.993884418043561,1.56641402226279,1.91198820310193,2.27188651681766,1.70884673200193,1.72503158819475,1.88933050186381,1.62312902684415,1.83833052592004,1.98752904343094,1.70606098854024,2.12307322847345,1.36084039949262,1.35646887826684,2.05307833863571,1.88439733183851,2.10388225931527,1.38873938791626,1.45354218435372,1.67731027528712,1.61878615885488,1.11190925054189,1.95870650458825,1.96041807367194,2.52403546373182,2.13811274873423,2.82892185690364,1.80593836754134,1.98873755030284,2.14196460166817,2.65483986136337,2.3597271053274,2.36239692605074,2.22033221185493,2.28884554293245,2.48628111448185,1.98493955167946,1.98767615833507,2.22240183018103,2.73952196092322,2.00080011949912,2.50633877853447,2.02792285118596,1.67604634271737,2.24397524067289,2.47908845572531,2.62164845390705,2.4923644086607,2.27405222163426,2.3294941094224,2.06280259834959,2.68539731761788,2.6353670987741,2.84370336727069,2.01094769525504,2.22220896644916,1.9544738605759,2.5286215827467,2.77047796233422,2.7748087038346,2.76767390839971,2.82456351314465,2.6879732827915,2.60103043943319,2.21529881188222,2.4094462347151,2.85437468827851,2.71963394469887,2.80311218912479,2.85953765320659,2.53020012189036,2.50239305991848,2.45999209647886,2.79477385059602,2.39338911333689,2.29534119795015,2.80465172033813,2.95065916278059,2.69577749216411,2.55657834941663,2.34496147713433,2.36447797371659,2.84678316559339,2.71682890757363,2.89631154544929,2.59215933717765,2.62535404430247,2.39396852836306,2.70412731317681,2.53284342860019,2.87103943619032,2.97874248515178,2.82797982653745,2.97675909724471,3.01807619595956,2.91897190893471,2.80041468933161,3.15311495928866,2.8101104214842,2.47024127744624,2.74925502504057,2.86418084585843,2.82410284308253,2.28953231760556,3.0645517769969,3.00316089682865,2.98725782607265,2.78828519958248,3.05549147398445,3.03652061610295,2.12121111500801,2.46272381173349,2.75145495748861,2.28132730698765,1.99582172863169,2.19474207276979,2.57507571633826,2.56926386771497,2.47245900820512,2.35299873897318,2.28723486393651,2.29659888841302,2.27617678793822,2.60940945837709,2.37170305106881,2.870134475578,2.76337156251026,2.8086374520239,2.53454225314766,2.79503340692474,2.39290503836208,2.53437604368446,2.75218393656957,2.71074122644511,2.47008375978498,2.56880363635902,2.58699378917794,2.64799049680059,2.85003569437739,2.7494332118724,2.82642013293975,2.63533486926744,2.79511453745513,2.88784290181353,2.44236917147865,2.39708967936778,2.86311135380503,2.76035226155376,2.65533621555437,2.8378562536466,2.90173462573139,3.06879145885086,2.81923123225046,2.51115537742536,2.08179884647662,2.10547978415455,1.69053291932392,1.97573802743794,2.21179046882202,1.50058376731624,1.62372734578799,2.14378513706919,2.20220930419872,2.08437315068449,2.03212826986636,2.16888835432199,2.29363756953586,2.30710135558057,2.11640004407716,2.28663352764763,1.98080259795473,2.01872636978807,1.70088222405003,2.13247784807923,2.16506898882943,2.27927785994798,2.28446333428238,2.37811444218366,2.27123519946638,2.03792998351322,2.28092632063754,1.99542771505553,2.43290556009684,2.53638547688392,2.49868107933568,2.45089319945273,2.55180595841012,1.92910525527167,2.2527852621633,2.34541444884331,2.14679481713834,1.96127513911116,2.48908904492545,2.09727556616786,2.69641811000845,2.3913105400241
"9","Southwest Coordination Center","USNMSWC","SWCC",1.55502980211191,1.55769872729313,1.6024105935707,1.57577092685637,1.72836211962221,2.15239951902558,1.78254211456989,1.83419960269162,1.3993414253762,1.75303929541983,2.06536950026927,1.83535638076589,1.84802410928572,1.28990718358783,1.70534642064153,1.60203508663402,1.5256995724232,2.37677439439197,1.6966452279317,2.03585815888932,1.74758729738669,2.36614243724583,1.94665809040769,2.08567598042293,2.09199927367341,2.07609271996346,1.72509145507478,2.28771958061986,1.55815460646343,1.92807782357176,1.88034430565235,1.77081547003475,1.9944550535975,2.13216569640409,2.01879267376722,1.99679736395208,1.34701486963793,1.59062110012091,1.81361938228058,2.3167239188936,1.43015117180027,2.20483609228977,1.87108533920337,2.18888882137507,2.85149318345829,2.52364496945226,2.15698129707037,2.16157593323835,2.0926764696216,2.32149473290839,2.00802501106697,2.07529702633268,2.25810021975828,2.30132912664742,2.96595074059068,2.12730555910023,1.98283275600807,2.3097900782757,2.80247788964691,2.10641905256077,2.5087505531994,2.02712799214145,2.66380983785507,2.08463629326351,2.03008651429038,2.60334338718671,2.71211289831242,2.2163882854285,2.37320963739355,2.41611274320602,2.80349244933483,2.31028618214732,2.78582412860918,2.21600133678384,2.61307370602854,3.08618186932652,2.92619896364115,2.90085443328735,2.60221974725571,2.19220015606734,2.48590759985612,2.70203643145897,2.77993467148568,2.2561914106947,2.68046996023134,2.60152488257677,2.34349039202896,2.82475169121258,2.22582145152942,2.24412835500924,2.36593944400685,2.002298599016,2.30757506777092,2.11367885712825,2.2259650052656,2.02616997172299,2.39764363442578,1.87254616167102,2.01590162641876,2.06029877158712,2.29982092579089,2.59968332070423,2.60428478215282,2.19553289157766,2.33671980452952,2.36852752354501,1.84184689333998,2.55065655447396,2.42708608051651,2.23765732807711,2.68501692383592,2.30479758288284,2.62151737567819,2.37953332355554,2.09553674589936,2.00784145201888,2.4595101549625,2.01750940677033,2.79355551466186,2.48616514120765,2.17432516172422,2.19104668949205,2.03459463557626,2.71147782536819,2.23296916530824,2.43612188096365,2.57185842755145,2.79678401105527,1.91886064785316,1.79682702209481,2.13849478856293,1.82129910794244,1.89750060395646,2.00735013063824,1.67115212266925,2.2274058414388,1.84518442231763,1.84358857682855,1.71793239479637,1.84211885834159,1.77472921146429,1.77030421599665,1.72356460404606,1.87660913581887,2.20729005340511,2.10237835411646,1.8426404178383,1.86190232561701,1.96827813666238,1.97633482169011,2.25847561709045,2.03820765073186,2.34651340915917,2.17007698625539,1.85001372654697,1.72481887279661,1.72604943328807,2.01518101362687,1.78985367855701,2.40549475295623,2.10800431356702,2.79284088347614,2.51027218306474,1.90046285636545,1.89930599691178,2.20139545949927,1.78051983826081,1.78602701656752,2.09937124576163,2.56204758921159,2.83064035593938,1.85934242608365,2.0096319708504,1.71967446176393,1.53804110888326,1.641791344336,1.80477670091606,1.66023077943486,1.45241641001488,1.42265003836622,1.55508574943188,1.63440127880092,1.79201453628035,1.42168453981976,1.34841529295017,1.83155728283507,1.74552631107713,1.76115898920951,1.59383374313145,1.29745546165235,1.62831949877734,1.86411103931459,1.58427481540846,2.29269211222971,1.95085944179659,1.72917351387379,1.78130086350618,1.64261091924957,1.90479834172111,1.43159338993875,1.66461764666508,1.57903524635678,1.68440683731268,2.01009114904947,2.16127733504255,2.07056911432354,1.51377598616198,1.39556417094532,1.86385690091411,1.54937669191103,1.7679708939209,1.68320594187357,1.85864472614297,1.96963549897381,1.92920600943812
