"","GACCName","GACCUnitID","GACCAbbrev","5_1979_fm1000","5_1980_fm1000","5_1981_fm1000","5_1982_fm1000","5_1983_fm1000","5_1984_fm1000","5_1985_fm1000","5_1986_fm1000","5_1987_fm1000","5_1988_fm1000","5_1989_fm1000","5_1990_fm1000","5_1991_fm1000","5_1992_fm1000","5_1993_fm1000","5_1994_fm1000","5_1995_fm1000","5_1996_fm1000","5_1997_fm1000","5_1998_fm1000","5_1999_fm1000","5_2000_fm1000","5_2001_fm1000","5_2002_fm1000","5_2003_fm1000","5_2004_fm1000","5_2005_fm1000","5_2006_fm1000","5_2007_fm1000","5_2008_fm1000","5_2009_fm1000","5_2010_fm1000","5_2011_fm1000","5_2012_fm1000","5_2013_fm1000","5_2014_fm1000","5_2015_fm1000","5_2016_fm1000","5_2017_fm1000","5_2018_fm1000","5_2019_fm1000","5_2020_fm1000","5_2021_fm1000","6_1979_fm1000","6_1980_fm1000","6_1981_fm1000","6_1982_fm1000","6_1983_fm1000","6_1984_fm1000","6_1985_fm1000","6_1986_fm1000","6_1987_fm1000","6_1988_fm1000","6_1989_fm1000","6_1990_fm1000","6_1991_fm1000","6_1992_fm1000","6_1993_fm1000","6_1994_fm1000","6_1995_fm1000","6_1996_fm1000","6_1997_fm1000","6_1998_fm1000","6_1999_fm1000","6_2000_fm1000","6_2001_fm1000","6_2002_fm1000","6_2003_fm1000","6_2004_fm1000","6_2005_fm1000","6_2006_fm1000","6_2007_fm1000","6_2008_fm1000","6_2009_fm1000","6_2010_fm1000","6_2011_fm1000","6_2012_fm1000","6_2013_fm1000","6_2014_fm1000","6_2015_fm1000","6_2016_fm1000","6_2017_fm1000","6_2018_fm1000","6_2019_fm1000","6_2020_fm1000","6_2021_fm1000","7_1979_fm1000","7_1980_fm1000","7_1981_fm1000","7_1982_fm1000","7_1983_fm1000","7_1984_fm1000","7_1985_fm1000","7_1986_fm1000","7_1987_fm1000","7_1988_fm1000","7_1989_fm1000","7_1990_fm1000","7_1991_fm1000","7_1992_fm1000","7_1993_fm1000","7_1994_fm1000","7_1995_fm1000","7_1996_fm1000","7_1997_fm1000","7_1998_fm1000","7_1999_fm1000","7_2000_fm1000","7_2001_fm1000","7_2002_fm1000","7_2003_fm1000","7_2004_fm1000","7_2005_fm1000","7_2006_fm1000","7_2007_fm1000","7_2008_fm1000","7_2009_fm1000","7_2010_fm1000","7_2011_fm1000","7_2012_fm1000","7_2013_fm1000","7_2014_fm1000","7_2015_fm1000","7_2016_fm1000","7_2017_fm1000","7_2018_fm1000","7_2019_fm1000","7_2020_fm1000","7_2021_fm1000","8_1979_fm1000","8_1980_fm1000","8_1981_fm1000","8_1982_fm1000","8_1983_fm1000","8_1984_fm1000","8_1985_fm1000","8_1986_fm1000","8_1987_fm1000","8_1988_fm1000","8_1989_fm1000","8_1990_fm1000","8_1991_fm1000","8_1992_fm1000","8_1993_fm1000","8_1994_fm1000","8_1995_fm1000","8_1996_fm1000","8_1997_fm1000","8_1998_fm1000","8_1999_fm1000","8_2000_fm1000","8_2001_fm1000","8_2002_fm1000","8_2003_fm1000","8_2004_fm1000","8_2005_fm1000","8_2006_fm1000","8_2007_fm1000","8_2008_fm1000","8_2009_fm1000","8_2010_fm1000","8_2011_fm1000","8_2012_fm1000","8_2013_fm1000","8_2014_fm1000","8_2015_fm1000","8_2016_fm1000","8_2017_fm1000","8_2018_fm1000","8_2019_fm1000","8_2020_fm1000","8_2021_fm1000","9_1979_fm1000","9_1980_fm1000","9_1981_fm1000","9_1982_fm1000","9_1983_fm1000","9_1984_fm1000","9_1985_fm1000","9_1986_fm1000","9_1987_fm1000","9_1988_fm1000","9_1989_fm1000","9_1990_fm1000","9_1991_fm1000","9_1992_fm1000","9_1993_fm1000","9_1994_fm1000","9_1995_fm1000","9_1996_fm1000","9_1997_fm1000","9_1998_fm1000","9_1999_fm1000","9_2000_fm1000","9_2001_fm1000","9_2002_fm1000","9_2003_fm1000","9_2004_fm1000","9_2005_fm1000","9_2006_fm1000","9_2007_fm1000","9_2008_fm1000","9_2009_fm1000","9_2010_fm1000","9_2011_fm1000","9_2012_fm1000","9_2013_fm1000","9_2014_fm1000","9_2015_fm1000","9_2016_fm1000","9_2017_fm1000","9_2018_fm1000","9_2019_fm1000","9_2020_fm1000","9_2021_fm1000"
"1","Eastern Area Coordination Center","USWIEACC","EACC",17.6321082128984,15.3069496549765,16.8224822693413,15.7176609980372,18.9320950748474,18.1143335890688,16.0100717166691,16.7595485337866,15.1930826288827,14.9395164801257,17.1375306560431,18.2635153804202,18.1074370512536,16.0165357796854,17.8795736852763,16.6199677435847,18.1033504911908,18.8101828246829,16.1949260869908,18.0353768313545,16.9664268432423,17.8369172097872,16.9140630430649,18.267947309546,18.1106009572609,18.3409258079816,16.2333724173889,16.8284055460345,15.2872071601332,17.2402160238646,17.0455376234801,17.1196386526067,19.2105653802543,16.7944160482777,17.5703986931473,17.7529247713481,16.6904054489709,17.7316396279334,19.3870069040914,17.6026775769504,20.3956839538245,17.1480863925854,15.4263184214152,17.3938607117464,17.1074717712543,18.5302868863289,18.8217611596895,17.662057707147,18.5130565740422,17.4612996891197,18.0142424572787,16.7809114410189,13.277099856885,19.0660979194238,19.1507536635794,17.6274140575154,15.9048569918237,18.9292293240355,16.6848511094806,17.8956901593002,19.5987886688656,16.9209844499,19.3086452434695,17.0550673936393,19.4245133147642,19.0443383480698,18.0839084835889,18.5468735477969,19.6111691552074,17.1076637446832,17.4375834232822,16.0067577543816,18.3569378306213,17.9982549540247,18.9782466475395,18.8726678040553,16.1490269100855,19.158026115316,18.3380833843544,19.3290917460881,17.364078570213,18.1483451954481,18.5220895212228,20.1675674746774,16.9298890121896,16.4797251586049,18.1103974243889,17.6473817905299,19.1619086413486,19.1761782463099,17.4726641401304,18.5891625638973,17.6176179152748,19.7673453139194,19.0830858460358,15.0980729848661,18.5123984011295,19.346361019997,17.6045530399385,19.4558050821177,20.1304854579135,19.5309148852828,18.5608690966384,19.242670750571,18.3221501788686,19.7874145742664,18.4117960725787,19.5946943115343,17.7272496800519,17.4081088449519,18.8063891322202,19.3614524672562,17.7489235459585,17.9573383060914,16.7655289457949,18.9090828117396,18.5635875000266,18.946618115949,18.2427333489199,14.4146234856785,18.9140095376568,17.9220589804463,20.0893336786965,18.4600303459691,18.8846376837786,18.6165098424573,19.7430146327179,18.1999960025494,18.6559048521501,20.8320995771,19.9546913297845,20.0114595904887,19.2220823062742,17.8777556700558,18.5410831951594,19.4108139591149,20.3013092657598,19.3895410421194,18.3473396173094,19.2160255698694,20.1154226056702,18.344287919499,20.2363023281138,20.0805018349531,20.242936067935,19.822798671164,19.5181167262465,19.1364563927749,19.1597858203697,18.8553714639316,20.066598004236,18.4553475975818,18.5395596513657,19.3689197693104,19.9966453746446,18.1849887755614,18.6360213407516,17.8501094403264,18.5681499481732,19.7608750076197,18.8994038235654,18.2268076959081,15.3857701658401,17.2767048506174,17.1750943790524,18.7694130207878,19.5888584593936,18.8799142308455,19.5250934478114,19.6313678737822,18.9006026183725,18.5780868844822,20.6042145848679,20.857013692399,20.465126505123,20.5304797975338,18.9597731961591,18.9042352145737,20.4431167453048,20.9288726423585,20.4891937972053,19.4254535881345,20.8564809506507,20.2076529100505,19.2251532056294,20.8716028745254,21.5238112285624,20.302569955489,18.522935719855,19.9245112566653,20.2036014518406,18.6687964322514,18.6797870318182,19.7065465164598,19.8253898906856,18.6188037949159,19.8328207906221,19.9112799731225,18.8979074157235,20.1572750741301,18.5521107905465,19.1530400014233,19.3082579074986,18.7772350552516,18.6244618597784,16.2488484131264,16.6294239715009,18.4491620446847,18.5343152964824,19.781101690273,18.4969785165619,21.2822666972972,20.5459438131035,19.0252902304509,19.6189334720801
"2","Great Basin Coordination Center","USUTGBC","GBCC",12.5693682413519,15.509097721605,13.7569232482058,12.2567644841742,15.7227011994673,13.0356933748718,11.8677337149906,13.7431291814467,12.6784662369883,12.8942317756166,11.5628203521621,12.5619737116738,14.3690451087535,10.3363761297146,13.3153175787322,12.9511622290281,17.3381736980088,12.1471855256764,12.0425668619911,16.0819359915948,14.1060144418823,11.8736570930862,10.9863988580769,10.5215572308986,13.5976028243619,10.935554166431,16.0296655779948,11.1563598223815,10.603946538086,10.2555900719258,11.9084532869577,12.5940849905381,15.4337151482147,9.59997182548445,10.3423642235604,11.0144516358998,12.935045035028,14.0537348014387,12.9736472804917,11.4657538119887,14.0826607655285,10.6485959082371,9.6273741151606,9.38080402946536,13.1552024105279,12.4939410622547,10.8527132609942,12.4362703253792,12.4541126191194,9.95792332693141,10.0030630155858,12.2578761803413,10.3844241539724,10.5121333615861,12.1273138493468,11.8479665188551,9.9795261968974,12.859820408657,9.80847280706056,15.5992402003206,10.71385723754,12.9967677415032,15.7678608089128,12.2339964635178,9.22162086334246,8.13983298017355,8.44997557766814,8.74978419972436,10.0401632049688,12.9048126835926,9.19943570436172,8.17682796732914,10.3939650134847,13.2303327781371,11.4585988978313,13.0084987351351,7.81295290431098,8.08233092510497,7.87743138277746,11.6382967466772,10.1186537423529,10.0338773515999,9.83490225280638,13.1131001414014,9.92080861399922,7.89157517958207,7.67787769508235,9.73623081076658,8.73565496817608,10.6949163166758,10.3334811932577,10.7638018997722,8.64374086356135,8.81424384376832,9.96700711275711,8.03512706774137,7.94832792633687,8.96891236691119,9.02575731356895,10.4504912487293,9.67509521103775,6.88712454259121,11.7894651493199,8.97628804274026,9.97614422232618,11.4596378234139,9.14363804885185,7.47105750092418,8.5411676130556,7.00583616843108,6.70012076205852,8.66830302624414,8.41627159636888,8.07692291614597,6.25563555861435,6.94907483779457,9.87390873184588,7.7285024604878,9.5901679375129,7.48335138182864,7.60487662236641,7.69951262089625,9.71965845355124,7.66902347595626,7.9914616581379,7.85935939969906,8.25948871061136,8.13466536875922,7.41991528732778,9.64552518878032,8.47082455850312,8.09761720468996,10.5539914839835,12.9776033040273,13.348779024642,8.94467917178136,9.04856055041939,10.1105673438801,8.34656420186562,9.60391103701334,9.1490316839512,9.28135535772154,8.40382591080708,10.2806457131915,7.74031847671416,9.1151267626675,7.97770319918506,11.2107296054146,10.3192669112738,9.96346233852344,7.03097895998236,8.29503867789751,6.7784382710456,8.49573937062948,8.85786560802099,8.73533355450702,7.83980987536324,7.87893499324655,7.04404405799716,8.19230655884272,8.07871931121207,8.34396391523049,7.71627145664396,8.10560549601214,11.9109854184223,9.27683521161395,6.97971679216474,9.02226404242448,7.11685012935068,7.80001358163259,6.58062879367416,9.49303467397637,9.27082808168279,11.4050257682072,9.58315673084854,13.3007862873312,12.3535064190628,12.4504244246039,11.8302812793948,11.985912806336,9.04365068295707,8.70705890839077,10.2174697541431,10.2557195590884,11.1021198537189,9.25891449416326,9.68866601661108,8.34457129741659,9.63493287834637,9.41614872082358,13.0919199385772,12.470758668556,10.475034256661,10.3935916311407,8.5542455252183,9.0329967395538,9.63625744551942,10.2920982999063,8.70530616104383,8.64281494097745,9.08186542943771,7.84950905054417,8.06636625198639,8.28555914437517,8.44494787442138,8.09893522081793,14.0693193339233,11.608042636584,8.90450943659514,8.75396322901329,10.0869751338887,6.77697920340878,9.06715400773972,7.00355141615374,8.54795311552597
"3","Northern California Geographic Area Coordination Center","USCAONCC","ONCC",17.3234724741542,16.5482385206341,15.2221966767377,14.5088680404241,20.6482766011533,15.3171710018272,12.731933489259,15.9105497395525,13.5730983513638,17.0295266540601,16.4317419579139,15.2224688383236,17.1035915568327,13.6161831276682,17.6088129485162,17.9133506383518,21.3558009377501,17.4960777362099,13.7307508452617,22.3871062348819,14.1902700721313,16.5680729740143,13.0843035121903,14.6032421883899,20.1112342210149,13.8548326003019,20.6797820793416,16.7465402838049,14.2775285598574,12.1138786782319,14.9102305472546,17.8516895838348,17.942927203686,14.7221709004952,12.6492873990375,12.9380600914917,13.9170154514437,16.0774781785769,16.21609904703,15.5193801199193,16.8110289908347,14.7253492657464,10.4773871352973,10.9058976097011,15.2322120992217,12.6202291295018,12.3325369146423,13.5921173753773,12.7414319499711,11.8285233214356,11.7817501838938,12.4588378644323,15.2822179827694,13.3491851318288,16.4940290712714,12.5793560115756,12.0545595354987,17.8299821473036,13.1580450865249,16.1195512242648,13.5070233389324,13.6946618782064,19.8703291720646,11.9716524989611,12.6410537811515,9.63272796097539,11.3601143339615,12.324856066031,11.9555412675595,15.9434201086575,13.0904978196263,10.6906229798538,10.8673599273685,13.7079680019821,15.0747043772137,16.7299827453998,11.4517014265091,10.972443060243,9.12543471012654,11.529438897495,12.3920476630069,12.8459516939447,12.3587582512232,14.3516673062196,12.4904101514627,9.62370053246578,10.081037079914,12.2109253803385,9.48547293180487,12.9585855104198,11.2018800808291,9.95392733196004,8.73954556337773,9.86784541897722,11.2182416440517,10.844487967334,10.4990233766693,11.4844671498468,11.6394913201551,13.1288801113457,11.2202407143353,9.43237292755677,12.8512635390763,11.2251374731697,11.21129810089,13.5626001985045,9.55885844194081,10.686128383908,10.163752266661,9.71591043414509,9.4810106373104,10.0774094187732,11.4298371706618,9.63796871984357,9.61181057009633,8.56758980934721,9.57897702511663,10.226445726475,12.9712756813678,9.80949689997896,9.70966826116537,8.16135844246497,10.2152665903756,10.095182018909,9.81138281711054,8.96201060945251,10.8181272477799,9.24393505859827,7.94648522774904,9.95014744242001,9.63757455661624,9.13839427060552,10.7012700615166,11.0299477452582,9.9016597031905,9.69847057255555,9.28740263379384,10.0904160106263,9.86299835345746,10.5889433003918,10.7567738933556,10.7047240069453,10.0342492204445,10.9870807862403,8.86806060097273,10.3606246830698,9.70020548741876,11.0159875033591,10.9183642993262,11.2300938463989,9.44080892613823,9.86057680755954,9.19260344442739,10.7140103828818,9.84376630054482,8.92967425272294,8.85874131525841,9.21986058427569,8.61174086408713,9.33248517874199,9.35571471331355,11.1386555858774,7.82243062268312,9.06633710673785,8.85132160761559,8.88887275683573,8.376648506206,9.27503928454166,7.68937300234436,10.3360041123076,8.49576916633028,7.41130579524532,12.0711786368834,11.5401885705793,10.2076640271801,12.4853359551517,12.8560221365049,11.0979804955701,13.1625741868336,13.1200548862028,10.1760157215041,9.31167377157537,12.7314177651018,12.3152589885323,10.7915466632792,10.2800082704017,10.8017124580142,10.151529013136,10.6744193911487,11.1552640087299,13.2061061860136,11.3925368367522,10.7504122557519,11.7682492363681,10.625607470994,9.53418820739077,10.5299915098404,10.2221349391122,9.95773304380664,8.7972652117735,10.1859771819647,8.46827200825137,9.25023680535867,10.694252890422,9.98077955444595,7.25769006844624,11.5153704880773,9.21217989696384,9.52494680404306,8.69101478971571,10.0693004154203,8.49366583994895,11.900515964194,8.21070004068339,8.52740191964102
"4","Northern Rockies Coordination Center","USMTNRC","NRCC",16.4885364442083,13.2003569895769,16.3936814509822,15.7469580890562,15.7737588448219,15.6662380354683,13.400573323097,17.5765894881428,13.9742855910506,13.7564705587824,16.1740597023989,16.164872577035,18.2452326222077,13.869037859647,16.2954169874605,15.1547139190859,18.4594654945416,17.740816860155,14.7507031332422,14.810204251858,16.9013596581259,15.4431310336559,13.6904745959609,15.0322933597823,17.3534823395882,15.2883321754474,16.0428817918586,14.3905655284691,15.8439596798487,15.1392029248607,16.2367442310482,16.7136224499737,19.412041027358,15.2931808672599,15.7827298012824,17.1131065422973,14.874744157955,16.2625096398311,15.3216313314102,16.9123354750447,16.7657183354496,15.8094711748722,13.9027113762924,13.9324146319123,16.4584388085742,18.6584790239321,17.5161106019896,14.5202265412882,16.1694024328715,14.7202038852445,14.8012110633084,15.0576685302917,12.3740696604707,15.7789957072525,16.880584891889,18.4201044787145,14.8652950988981,17.9405876323338,16.4021285400889,17.3293989181152,16.37420737603,15.9456164361825,18.0569710133522,16.7567836620953,16.4385837157327,15.7901002486264,15.5382361668526,15.9886179904983,16.940585414523,18.6263388714705,15.210916434828,16.9999344968787,17.3880945212521,14.9851317225166,18.2909815649663,20.1614333761812,15.8655870611948,18.0981501858535,16.4465012473077,15.8394259263696,15.2706467639952,13.4832046065828,17.6242689722414,16.0749354441191,15.704594817692,13.4394431596265,13.2946682711823,14.6012273039875,15.4254756503326,16.7433544132002,16.1957796385961,12.6917130340088,11.135949796983,15.4952977170441,15.3632974253324,11.9340751957647,13.6407508668553,14.3704477424063,16.6298997554779,17.9062334094461,21.0961667941594,14.4384048595567,18.0051136000165,14.0906004576667,16.9727875952014,17.3782928308184,15.3000604596713,15.1447410713708,15.5261266837744,13.7773199005104,12.7800315546931,14.865334865085,15.8355093454712,11.7249156921945,12.9239641599228,12.923364880672,14.3878441280976,15.0239587622437,16.024663312254,12.3796707284048,14.4616808818477,14.5800679605824,13.314402115352,14.7127832059195,10.9781601235605,15.4353581724526,16.3377520851445,15.7376351640052,10.6609868300418,13.3982817360483,14.3238123891637,14.1892016750838,14.3962422592367,14.2032188148389,12.2762647621706,15.1673495100641,13.1603496553223,15.6144524452081,10.0951852931197,13.7937423829425,13.763483457308,13.7070884620527,14.6963200294553,19.0122797405019,12.1963745967781,15.2599677044798,12.5756879038323,15.4781803415358,14.9139055964921,14.3408582433033,12.2134810793298,13.6691712771533,14.1200141860591,10.9524226206196,14.1788313582863,13.2873337779308,10.7299855380009,11.406732105002,12.3587033539149,14.6163217568511,13.7733983354725,13.1695632547195,10.6873646172646,13.0997749798192,14.2796928574447,11.9061727190485,13.5793261134868,10.9561984822244,12.2492127274111,14.4163690381588,12.2685388292184,11.5112583232023,14.0838445490623,16.3530929987159,13.194635034179,14.9655996332156,14.7462210550969,13.9206870674544,17.6554967690522,17.6181691202982,14.7089447654926,11.6765648085491,16.0863444752934,13.6303322155348,14.1163803068004,15.0574449433654,17.4323047308686,13.0305759492056,14.9744867481387,14.1921229251843,15.3229502548222,13.7887752547172,15.4148011662345,13.881927384891,12.8266970189251,14.7642887479151,12.4619485808461,16.4519575200229,13.2789439803607,13.1834901383148,13.1938595312764,14.9043728969302,13.4950925426925,16.2647161041648,11.7704953719873,8.92714271311851,14.3205686067849,16.230659321921,12.8701042514377,15.2883413961365,12.4774282022265,14.1964249932675,17.1468972568165,12.3223876626585,13.0785853416029
"5","Northwest Interagency Coordination Center","USORNWC","NWCC",17.636502649939,18.6587191356706,19.9785105611869,16.1441703804749,19.3286692446743,21.1317451147155,16.5732005500426,19.506915620582,15.8857800724877,19.1508722206957,18.1419643918071,18.7729647833401,19.5384494987938,15.3118550808154,20.7659031508561,17.8513495667361,19.9694277717986,21.3764170574587,18.742651954208,20.8574084882532,18.363023264249,19.0108379978747,17.5432230048064,16.3927809135603,19.6352766830275,17.6121758286237,21.744842054678,16.1951008063092,16.1687024771232,16.4996964632716,18.0860554197792,19.0683947673557,21.392620917891,18.5065764518515,16.4876861355644,17.9358640038332,16.5423792006013,16.6706959842827,20.2403140332465,17.7528068596856,17.6142152592716,18.4940944966087,14.1051220377619,12.6902380000327,18.7431913761223,19.5637161051472,14.1853658243833,15.7534542406055,18.928346407562,15.4230955434528,14.1280722501876,14.8836088163,17.8376949231502,15.2080703975906,19.7186466940663,17.3215906316227,12.7596176952737,19.933313732463,16.6708536201835,17.1299961741261,16.586621899759,18.4803663115362,19.9211282467131,15.0416219685438,16.4198757140923,14.9915127817754,14.7080637839943,13.5622142402997,17.1687772012303,18.2593928578008,17.3233340398018,13.838003512718,16.0430930395128,15.2571059979483,19.821746509225,18.739925282677,17.4721363742887,16.262081433825,14.2995206300169,13.6277879310871,14.8672676324667,15.8274165911193,14.9281225288124,15.3565613387583,17.6522721421833,14.0611907176764,11.754064463761,14.8248766363163,14.3282954571294,15.3470682996262,16.78030242194,13.7190494858356,10.0427059696901,12.832360068427,13.8933217265759,13.0664944778655,13.0011150335113,13.6347700050114,14.1983406489089,14.8374204095408,16.395283364354,12.0314239000537,14.8352283486256,13.2744474137286,16.0258846990626,15.4644953748536,13.1814222718691,12.7448011081667,13.3408276068733,12.306882418243,10.5544750336938,12.3139526907362,14.1170587413112,12.0013578598963,11.6792072378608,10.6911610563215,11.419208872226,13.0929486870181,14.496770317638,14.5986456361443,12.8477591602142,12.3665709643234,10.8496106621481,13.4398864398395,11.6484294213379,11.5505576357859,12.8427455868706,13.4631683063219,10.2107962655695,11.4376714737602,11.7042991079811,10.9405510201283,12.9064306134503,14.3198662938535,11.916012053371,11.6923936186294,10.2332154038833,12.40961829819,10.7526454810928,13.6196479915353,12.9196377249081,12.4752211177767,11.9793379358579,14.9987285838308,10.5361354916649,14.033510945087,11.4931377497953,13.3996178662844,12.3147375423614,13.2629652402948,11.0451898683856,12.6874487722278,10.6705965536106,10.3822717337632,12.4560788648729,10.2092464624631,10.2239837031118,11.235747537662,11.1002050597439,11.2924249910638,10.979721825192,12.1955974589884,11.2630705034548,11.3754575904137,12.0125420704998,9.88213302821077,11.2155056326372,10.0607974526932,9.71119515913556,11.9553582156179,10.6888612252303,10.2902473247691,15.1594381146083,15.1226120575779,12.7792547336027,15.4202641980928,16.0035826481189,14.6125875243186,16.1975736601674,14.7099155665481,11.37922405921,11.737222685321,14.668855900978,14.7061266841432,12.7014903025394,13.2304054364907,13.3247685960814,12.9382611007167,13.9793382403185,14.67311065411,16.7185693493481,12.9733635669798,12.7927850362092,14.3245963278861,12.8873638695188,12.0714423535679,12.5396501651528,16.7608677089819,11.8190728479413,11.7707728143948,12.3503180194697,12.243227555069,12.271079523426,15.1001436866749,11.4536303875347,10.5525231318873,15.6960475633664,12.6810211608612,13.2397259833883,12.9194532517066,11.8771792132987,12.1869746535993,15.627571292998,11.2484354014758,12.6373563727728
"6","Rocky Mountain Area Coordination Center","USCORMC","RMCC",15.1414025979262,14.4594432136817,15.4265302704648,15.6862459037082,16.7565399088151,16.3129604896926,15.0564380451874,15.740493374417,14.9685766317912,14.0421046795,13.0994591769441,15.984464738737,16.5072016559201,13.101604217976,16.7604154672723,14.6804278543057,20.15521151544,14.9117381663366,14.4859229193163,14.877047714326,17.6691518450472,14.9398356785042,15.0949503818779,13.3799125807979,16.2121355678505,14.2398197730244,15.237971753863,13.1945793443617,15.6092445957888,14.8235171710134,15.0665963118017,15.4306157846804,15.291399870674,12.0070241159396,14.2162177545895,13.8667546163209,17.075645990238,17.0815157915177,16.1470118200197,14.6485438411534,18.0771151064186,13.745962880048,14.0284113499775,14.8179648587773,13.7681552231906,15.0419469749983,17.203060920123,16.2469340447727,16.1160293906626,13.8638253782028,15.573800417718,15.3139018683536,12.7371077561339,13.9903570591048,15.2011943850426,17.5207348635525,16.1991193035936,16.7584056378917,13.7227331895688,19.2884782440037,16.1072662493738,16.2897647924203,15.4678493004232,17.0525961262508,13.8811204544467,14.4174012450271,12.3416882489296,15.8808492768264,14.4203909669622,16.5309865340433,12.1221256323228,15.1670552090243,15.3251821594323,16.4536976192989,15.7845024903321,14.6890752853491,10.7243757487186,13.3985971698592,15.1337273436614,17.5776960816433,14.17943900652,13.5301940990869,14.2878737911016,17.2899347330674,12.8163205961171,13.2092721857782,14.8529581743771,11.9329926537983,14.8405220335516,15.4403112016887,14.6613240461724,14.354453130564,12.5843642597328,15.1478277937009,14.7079862189533,13.1956515478033,13.6089794756319,14.0699988787501,14.3918708587592,17.4538661815778,17.3692457211673,14.164095567967,16.2330909745549,14.8775784459293,14.92178346097,15.6976792611435,15.8294567220881,14.4894493304456,14.2162352533776,11.4791057061936,13.3216820697283,15.8462604985981,13.6864308524673,12.2011411968614,13.0622766369019,13.3541553579162,15.5787788994202,14.3160374345185,13.6590849915204,9.2147839343664,11.7000280943669,13.6190168304189,15.3879348253397,13.6950696329086,12.0888967294181,14.5158669946848,15.9531010963731,13.2414020936966,13.250751670434,15.7643466637705,12.807134254144,16.6429709435285,15.6386843138755,14.3162447359367,14.6713722330724,15.0516629868368,14.9265597147132,14.8849819281637,13.1857923629649,14.8424282719382,15.4876450866251,14.9226763836836,16.9251652083849,16.8504501892423,14.3281822833123,14.3914153136412,15.3571833990178,17.3541295029575,17.1053709439903,16.0100475924198,13.4473275160183,14.4973536171976,12.742065868771,12.3760628872927,15.0288189983831,14.3162971120914,13.564690495383,14.7829655243611,14.341270846472,15.1521147801413,13.8077340911865,12.8505091128359,9.21489896008757,14.3876153124598,14.2657441151189,14.3845990740088,13.9630272810488,14.817050643432,14.8055767995274,15.9505218148954,12.8695413438006,12.7744401880659,14.3171355801416,14.0046603770423,15.2112585536366,16.5409693819085,13.5869350625848,13.6107547722025,15.7581400428573,17.279753506774,15.4547888937458,12.9411713375306,15.9227199264912,13.846163892075,14.4369425271479,15.0584027132437,16.4944629553964,14.3262070231697,14.6742530735574,16.4394615646707,16.8194805758039,14.6944777001691,16.1321512081831,13.1729807906702,14.7858269636391,14.4842764333745,14.2944998766127,14.91678352529,13.7671212437715,15.9898378552337,14.9444977903392,15.4029249231804,15.4459487910866,12.604371113984,12.0793615176797,9.01866859473595,14.5698741630753,15.899002743135,12.8444135942252,14.9271136910562,13.8609050718674,14.727100507727,15.5351631002747,12.3942972035781,13.3055987935814
"7","Southern Area Coordination Center","USGASAC","SACC",19.1831515183621,18.3661828794841,17.6593002296525,17.9795165040057,18.3062294031869,17.6114172985895,17.2737829862635,16.3461414680416,16.7301420715248,15.6076221963582,18.3522430741684,18.9593810604724,20.9642870141336,17.1203093298813,18.1400198119752,18.3151795946239,18.3934620154837,17.2119247319965,17.8563430213344,17.6492776528218,17.686998082391,17.8497747228734,16.6925968848154,17.2725656280828,18.7886386403044,18.0902852666752,16.3583923977274,16.9680230162278,16.105684396358,17.2104792750863,19.1893265218747,16.8309429376667,16.2710251910624,16.3222110138274,17.6242601317623,15.746106148258,19.1489413957707,18.5091488150086,17.7997145376675,17.1729923258834,19.19263311695,18.0686888382081,16.911747666798,19.381137774325,17.6836327209881,20.2780409734073,20.135529968384,19.0810491124762,17.1672311680238,18.007536335374,19.3481294846623,19.7494487481705,15.3805701069416,20.7829362645921,18.3094997243034,20.6232070226826,20.40711452999,18.4948255660575,19.4064779222825,19.9409533688555,19.1885533517273,20.1055863316057,17.6801771648376,18.7006810749034,18.7845776740392,19.2147089832115,17.7764075420325,20.5804098395864,20.2369148360071,18.233130284434,16.5005681090366,17.3979401915609,16.9123246478284,18.7438853966409,17.6696340155355,14.9635423357016,16.4659289270203,18.5556175418925,17.5130523914353,19.8068475202974,19.0286347566531,19.3615919709665,18.3873599814594,19.3661095505857,18.4871673985866,19.4920168384037,19.698656683178,16.8775219842043,19.3549502486307,19.9758240657511,18.6416240131622,18.6746913896794,18.7687705992875,18.07828491591,19.7442394798429,17.6487067543111,21.6500215108902,17.8000798278616,20.0824084674968,20.1694652858972,18.4653888840396,20.6456438365566,19.3330705550838,18.8670810941182,19.6706910358688,17.7995633338284,20.0726748626633,18.4875592108362,18.9101030805412,19.6534224501014,20.5422130087423,20.9672428343655,19.2706522719105,17.1628112592903,19.8774551835629,17.7155303360448,17.5821266625311,18.2248788608368,15.8551482606448,16.3193212439034,19.0159503480309,17.2001748664623,19.4800022865867,18.4370603747143,19.3205907094886,18.5687317555527,19.4134822429592,18.6482242994797,20.3852713895606,20.2393399643383,16.9713336073141,19.4727352273332,20.057796353564,18.1162179155628,19.7395242826665,19.892276739811,18.7336751065184,18.5067510142346,18.8968850499829,20.1883667933282,18.6890535684134,20.058406119706,20.7959249853062,18.0165450400226,20.411964161624,19.6826104504542,20.62352630121,19.3725637799682,18.8652502983582,17.5023062879573,17.9296867358069,19.1537390872395,19.0492983849632,20.5526680662134,20.0440358860039,19.7745308727428,17.6754681524311,18.2777362474013,18.7866991701672,19.2475123310924,17.7526131022207,15.8052238575816,17.0153177010617,18.9677180589003,16.788612995274,18.0290445351539,19.5803418245262,19.7774551324542,19.3461131932998,18.9984684580442,19.3611465257922,20.0281168572645,21.2475350109232,17.900350626568,19.9850524310681,19.0251176420705,18.5911468503612,18.0385751168535,19.2203132855746,20.4162973533267,19.4650270877867,20.2982738628694,20.1331728349804,18.7587015082055,20.4487852859188,20.6743619817591,19.0880943622757,20.2752232467724,19.1359550500049,21.5022262486972,18.444231477189,18.8543904574416,17.5680278425177,18.141748372456,20.7913280355012,19.6729638737582,20.7533634426319,19.663769313592,18.2874129606682,19.2127990231471,18.7825139656974,19.6363637097848,20.6215286038135,17.0757706954785,16.0487157308196,17.81301659109,17.6071663917894,17.3924613509287,17.7843573307728,19.1948545019537,19.2201640142085,20.4660193628906,17.9236341673684,20.2880937974518,19.3863797508915
"8","Southern California Geographic Area Coordination Center","USCAOSCC","OSCC",11.5328825924142,13.0160102628059,10.8665808596344,11.8178222999019,14.0908875317664,9.45816706840546,10.1771092353017,10.3433843109935,10.5471670123121,11.4209340364651,10.4814005805528,10.3553980087561,11.392996738903,11.0137418990206,10.7231799138946,12.404748779436,13.8752099915113,9.70726711543794,8.57883176101341,15.5967506179874,11.0262141933637,10.7213502946646,10.1650691723934,10.6205164971552,13.2390130965801,8.38738977546166,12.6832720480116,12.0283397646888,8.77569663163249,7.88378678661267,8.99558041122197,11.7098698898656,11.5986911659832,9.48731785680849,8.43833530586654,7.85824614092352,10.1889992531168,11.1638314690157,10.5463468863172,9.5065496419893,12.6094030153324,10.4798751537369,7.34213954469032,8.49306687973368,10.2891950564522,8.96586046219549,9.7434451981782,9.85474364566305,8.50089979771275,8.95638883946952,8.51464026736656,9.86045500897364,9.23466589945433,8.97926905514185,10.0208917419398,9.1556768951951,9.66003411669025,10.5500116785462,9.04681398665053,11.1062833202938,8.51927269547655,8.90488800960265,12.9166737418657,9.1602027064441,8.79324741022929,7.51697737005228,8.55042138357813,9.46051402764234,7.91783607656962,9.4994568188399,8.67022714760618,6.91280294569872,7.28792181376192,8.82674350688454,9.51621098292858,10.8618706082322,7.18883295145242,7.04037189174172,6.08546823776803,8.62047848014314,8.53801290965928,8.57041890718264,7.99934891610629,11.2783440832867,7.9763911582569,6.81671642695176,7.72540490033821,8.46936355666718,7.31235508747386,9.27654004647103,8.25441156784573,8.80910787030339,7.44726950832752,8.23299519886708,8.63666887991867,8.03733629467544,7.43571586573492,8.19279824713974,8.78309987362031,9.68717332509791,8.30094237609074,7.23118047261936,8.87387626688498,8.07709034128423,7.94907079838981,9.4672930451113,8.54177320413869,8.07696052826228,7.71467226750106,7.60832882427564,7.4272029729491,7.38034321160562,7.63405904035486,7.13037523096743,6.35559943816303,6.76720801802048,6.87214716198872,7.65304447961009,9.24873487144826,7.13084241545224,6.97433434998372,6.69593828220903,8.37572651260506,6.69586361164727,7.07806463078222,7.33368935198361,8.03120655444801,6.63581221628086,6.55998338359004,9.08884960234337,7.9689047234142,7.77067728837748,9.15638450282189,10.6886617554617,10.5715581564382,8.19679443562113,8.3979138219856,8.49120824667662,8.75883578756189,8.34508270233009,8.74563071562253,9.21746541152591,8.85412055786379,8.41860499665873,7.33253349875217,7.83267260701149,7.97049830405616,8.42568612423983,8.69060350433201,8.65555624736964,7.57968837599979,7.78429542844759,7.50800488210068,8.58473462436046,7.56941701160971,8.35779783991993,7.56136718832254,6.96056935875395,7.17404103101914,6.73039132353549,7.22658449554839,8.33264614838028,7.45581519606383,7.6818203215166,8.57890019171424,7.8885406371362,6.60492677929771,8.02895778882186,7.01895161978562,7.04069413996447,6.39964270048413,7.14541398936282,9.00116030709918,9.26977936353506,8.63209079538666,10.9184486859555,10.9396718282747,10.2688874380183,10.1679384737942,9.7205372678876,8.75158915463584,9.07928143271084,9.05203133412862,9.46381183219943,9.50899222321774,8.77940091620241,8.74171960949585,8.13110592143628,8.12123263998735,8.70840247928457,9.81858598800675,10.368643264547,9.09753471740991,9.10168259561396,8.41753289893282,7.8323428128977,8.95609017792854,7.703087757248,8.29637456500733,7.20182602692834,8.11258987493863,7.48553324482369,7.03311587694345,7.41797700408676,8.01508760262909,7.69439299479223,9.6921475095905,8.23933099626087,7.90180422303739,7.33098087105761,8.7723502462422,6.9057598107603,7.60122642349128,6.46382937360558,7.18867946877388
"9","Southwest Coordination Center","USNMSWC","SWCC",10.3648774888574,10.8725670759096,10.5753674648306,10.9042561434786,9.64948930186344,8.72253153631132,11.3347617446788,8.88213288119118,11.5471396795052,9.77275595935242,8.30535377174282,10.2065537351725,8.69040837821559,12.6872480664083,9.99165639633059,11.8263296967018,10.61599497344,6.62847673147611,11.530590562917,9.2161550305599,10.5122611665395,8.15965543806916,10.5695462508883,7.26168553672878,7.89556740941175,9.34291722754425,10.4365143169365,7.49875696708477,11.4741790565372,7.27674868415408,8.59841937866151,8.80953599077386,6.08311678333667,7.6743155769554,6.89090966448409,6.9628258970287,11.7337760264445,10.3686772166843,9.31793613489872,7.03691687311039,10.7836819587381,7.83743073178141,8.22924347869028,11.7328940791924,8.62164285165348,9.79455366685674,9.99921164110872,9.72968317029031,9.67361569108459,10.3278265696108,11.5230343841815,12.2206114922993,9.76207006750389,9.04831908257534,7.65268243290247,10.0187840905078,13.833144985826,9.48332007293631,10.0300201604268,10.5343737783151,8.21857930872509,11.7187365914781,7.30938909120614,10.8378041579781,9.66418715620121,8.57794574005728,7.44127270168788,9.2465620089757,7.98803391913865,9.59029431695358,6.72789717018577,10.535298316078,7.12383234879952,9.14745917208624,7.63032801505415,5.05440751714284,6.59631896136368,6.92487684686663,7.84655201770688,11.4740158286253,9.61726934425832,8.50690135700282,7.25944230097636,10.3191164028528,7.02095449446649,8.6891388210942,10.3794175162213,7.77344694630156,11.5257530548797,10.5702501257221,9.62290831419303,11.7315221821863,10.173023359024,13.219270920858,10.5717403693894,12.7541202152541,9.44357803864556,10.6911234738275,11.5250504852996,11.9218345966825,10.3545660632636,8.7671873692525,10.0808343815529,12.0283914900893,10.2223079033158,9.71688349399441,13.0888440683797,11.0953530396916,9.4047191869747,10.051545401618,9.09083925523104,10.0190224326221,8.4193920039112,9.37288615195236,10.9552762309812,11.2153173273507,10.414388871606,10.762925298453,6.63779528152352,8.53078720820858,9.72359986754542,10.029221647328,12.3126072395436,9.25471318998749,10.0162090631494,9.55861659193028,9.01034035938495,7.80027923057547,12.4166464278834,13.6102699120477,10.6398253374193,14.4739567447595,13.5020531822748,12.3568625214325,15.1931642487177,12.4900063776521,12.9857843659025,13.407908300441,14.3135760489934,13.1476596684666,14.7216448644785,14.4771164802844,14.3411513865616,12.2935914081424,11.3045357169201,11.5616206549936,13.3967070674061,13.9173828782094,13.1458641635298,14.500677906035,10.5389762929179,12.0944982325615,11.183482154952,10.4899619586935,13.0927871482249,13.5513697897455,14.1689500791944,13.5388899945688,13.3007100142823,10.645269352296,12.574345328211,9.12985352512116,9.9053378324967,12.7364994311805,12.6999393019482,12.1860910070657,12.3751422550899,14.0244875961797,11.9078142070599,9.8610213116112,8.69126273527365,13.8920284198254,12.4547576266173,12.6965212462589,15.0606749401317,13.9640290795435,12.4199123955341,13.5146198765976,13.2649341564542,15.6187900627107,14.1744078585967,14.7912479898634,13.1775773191834,14.7306278438318,15.8210525174418,13.5406806291653,13.9609793706514,13.4701394538243,13.6991319154756,16.5884597486429,14.6854418378424,13.1082753628709,14.2736067871253,10.119187491562,12.4202405587395,12.3314263974872,12.7896667625786,12.4953339407205,12.8086727986354,15.5243600727725,13.4861830684764,14.5471368177661,12.104983923801,11.4851711581828,9.82396091878231,10.7085191717246,14.8144743123211,14.3231069558234,11.8316611013984,14.2300505262192,12.1634214109996,13.1940175235645,10.8308960962996,9.97744480893185,12.3674197461543
